사고부문,사고번호,사고일시,요일,시군구,사고내용,사망자수,중상자수,경상자수,부상신고자수,사고유형,법규위반,노면상태,기상상태,도로형태,가해운전자 차종,가해운전자 성별,가해운전자 연령,가해운전자 상해정도,피해운전자 차종,피해운전자 성별,피해운전자 연령,피해운전자 상해정도
횡단보도외횡단중사고,2020032600100185,2020년 3월 26일 12시,목요일,부산광역시 사하구 하단동,경상사고,0,0,1,0,차대사람 - 기타,안전운전불이행,젖음/습기,비,단일로 - 기타,승용,여,52세,상해없음,보행자,남,32세,경상
횡단보도외횡단중사고,2020032600100389,2020년 3월 26일 19시,목요일,부산광역시 해운대구 우동,경상사고,0,0,1,0,차대사람 - 기타,안전운전불이행,젖음/습기,비,교차로 - 교차로부근,승용,남,52세,상해없음,보행자,여,63세,경상
횡단보도외횡단중사고,2020032600100431,2020년 3월 26일 20시,목요일,부산광역시 북구 덕천동,중상사고,0,1,0,0,차대사람 - 차도통행중,안전운전불이행,젖음/습기,비,교차로 - 교차로안,승용,남,53세,상해없음,보행자,여,81세,중상
횡단보도외횡단중사고,2020032600100471,2020년 3월 26일 21시,목요일,부산광역시 서구 동대신동1가,중상사고,0,1,0,0,차대사람 - 횡단중,안전운전불이행,젖음/습기,비,교차로 - 교차로부근,승용,남,55세,상해없음,보행자,여,39세,중상
횡단보도외횡단중사고,2020032700100399,2020년 3월 27일 18시,금요일,부산광역시 부산진구 범천동,중상사고,0,1,0,0,차대사람 - 기타,안전운전불이행,건조,맑음,교차로 - 교차로부근,승용,여,38세,상해없음,보행자,여,73세,중상
횡단보도외횡단중사고,2020032700100522,2020년 3월 27일 21시,금요일,부산광역시 사상구 주례동,경상사고,0,0,1,0,차대사람 - 횡단중,안전운전불이행,젖음/습기,비,단일로 - 기타,이륜,남,19세,상해없음,보행자,남,42세,경상
횡단보도외횡단중사고,2020032700100582,2020년 3월 27일 23시,금요일,부산광역시 사하구 다대동,경상사고,0,0,1,0,차대사람 - 횡단중,안전운전불이행,건조,흐림,단일로 - 지하차도(도로)내,승용,남,64세,상해없음,보행자,남,54세,경상
횡단보도외횡단중사고,2020033000100134,2020년 3월 30일 10시,월요일,부산광역시 중구 대청동2가,중상사고,0,1,0,0,차대사람 - 횡단중,안전운전불이행,건조,맑음,단일로 - 기타,승용,남,58세,상해없음,보행자,여,84세,중상
횡단보도외횡단중사고,2020033000100197,2020년 3월 30일 12시,월요일,부산광역시 동래구 안락동,경상사고,0,0,1,0,차대사람 - 횡단중,안전운전불이행,건조,맑음,교차로 - 교차로횡단보도내,화물,남,35세,상해없음,보행자,여,63세,경상
횡단보도외횡단중사고,2020033000100261,2020년 3월 30일 14시,월요일,부산광역시 남구 용호동,중상사고,0,1,0,0,차대사람 - 횡단중,보행자보호의무위반,건조,맑음,기타 - 기타,승용,남,71세,상해없음,보행자,남,76세,중상
횡단보도외횡단중사고,2020033000100476,2020년 3월 30일 20시,월요일,부산광역시 남구 대연동,경상사고,0,0,1,0,차대사람 - 기타,신호위반,건조,맑음,단일로 - 기타,이륜,남,18세,상해없음,보행자,남,23세,경상
횡단보도외횡단중사고,2020033100100463,2020년 3월 31일 20시,화요일,부산광역시 영도구 영선동1가,부상신고사고,0,0,0,1,차대사람 - 횡단중,안전운전불이행,건조,맑음,단일로 - 기타,승용,남,38세,상해없음,보행자,남,68세,부상신고
횡단보도외횡단중사고,2020040100100018,2020년 4월 1일 01시,수요일,부산광역시 수영구 광안동,중상사고,0,1,0,0,차대사람 - 기타,안전운전불이행,건조,맑음,단일로 - 기타,승합,남,59세,상해없음,보행자,남,49세,중상
횡단보도외횡단중사고,2020040100100038,2020년 4월 1일 04시,수요일,부산광역시 부산진구 가야동,사망사고,1,0,0,0,차대사람 - 차도통행중,과속,젖음/습기,비,단일로 - 기타,승용,남,67세,상해없음,보행자,남,79세,사망
횡단보도외횡단중사고,2020040200100468,2020년 4월 2일 19시,목요일,부산광역시 사하구 괴정동,중상사고,0,1,0,0,차대사람 - 기타,안전운전불이행,건조,맑음,교차로 - 교차로안,승용,남,70세,상해없음,보행자,여,56세,중상
횡단보도외횡단중사고,2020040200100506,2020년 4월 2일 20시,목요일,부산광역시 중구 중앙동2가,경상사고,0,0,1,0,차대사람 - 횡단중,안전운전불이행,건조,맑음,교차로 - 교차로횡단보도내,승용,남,21세,상해없음,보행자,여,55세,경상
횡단보도외횡단중사고,2020040300100104,2020년 4월 3일 09시,금요일,부산광역시 동래구 사직동,경상사고,0,0,1,0,차대사람 - 보도통행중,안전운전불이행,건조,맑음,교차로 - 교차로부근,승용,남,61세,상해없음,보행자,여,27세,경상
횡단보도외횡단중사고,2020040300100309,2020년 4월 3일 16시,금요일,부산광역시 남구 대연동,중상사고,0,1,0,0,차대사람 - 기타,교차로운행방법위반,건조,맑음,교차로 - 교차로안,화물,남,38세,상해없음,보행자,여,73세,중상
횡단보도외횡단중사고,2.02004E+15,2020년 4월 4일 06시,토요일,부산광역시 금정구 서동,경상사고,0,0,1,0,차대사람 - 기타,안전운전불이행,건조,맑음,교차로 - 교차로안,승용,남,60세,상해없음,보행자,남,74세,경상
횡단보도외횡단중사고,2.02004E+15,2020년 4월 4일 16시,토요일,부산광역시 기장군 기장읍,경상사고,0,0,1,0,차대사람 - 기타,안전운전불이행,건조,맑음,단일로 - 기타,승용,남,49세,상해없음,보행자,남,54세,경상
횡단보도외횡단중사고,2020040400100473,2020년 4월 4일 19시,토요일,부산광역시 영도구 남항동1가,중상사고,0,1,0,0,차대사람 - 횡단중,안전운전불이행,건조,맑음,교차로 - 교차로안,화물,남,48세,상해없음,보행자,남,84세,중상
횡단보도외횡단중사고,2020040600100003,2020년 4월 6일 00시,월요일,부산광역시 강서구 명지동,경상사고,0,0,1,0,차대사람 - 기타,안전운전불이행,건조,맑음,단일로 - 기타,승용,남,23세,상해없음,보행자,남,39세,경상
횡단보도외횡단중사고,2020040600100393,2020년 4월 6일 17시,월요일,부산광역시 강서구 송정동,중상사고,0,1,0,0,차대사람 - 차도통행중,안전운전불이행,건조,맑음,단일로 - 기타,승용,남,61세,상해없음,보행자,여,57세,중상
횡단보도외횡단중사고,2020040800100311,2020년 4월 8일 15시,수요일,부산광역시 사하구 괴정동,경상사고,0,0,1,0,차대사람 - 기타,안전운전불이행,건조,맑음,단일로 - 지하차도(도로)내,이륜,남,52세,기타불명,보행자,여,22세,경상
횡단보도외횡단중사고,2020041100100374,2020년 4월 11일 17시,토요일,부산광역시 동래구 낙민동,경상사고,0,0,1,0,차대사람 - 횡단중,안전운전불이행,건조,맑음,교차로 - 교차로안,승용,여,68세,상해없음,보행자,여,16세,경상
횡단보도외횡단중사고,2020041100100506,2020년 4월 11일 21시,토요일,부산광역시 남구 감만동,중상사고,0,1,0,0,차대사람 - 차도통행중,안전운전불이행,젖음/습기,비,단일로 - 기타,승용,남,54세,상해없음,보행자,남,53세,중상
횡단보도외횡단중사고,2020041100100537,2020년 4월 11일 22시,토요일,부산광역시 북구 화명동,중상사고,0,1,0,0,차대사람 - 횡단중,안전운전불이행,젖음/습기,비,단일로 - 기타,승합,남,59세,상해없음,보행자,남,41세,중상
횡단보도외횡단중사고,2020041200100423,2020년 4월 12일 23시,일요일,부산광역시 북구 만덕동,중상사고,0,1,1,0,차대사람 - 기타,안전운전불이행,젖음/습기,흐림,단일로 - 기타,원동기,남,21세,경상,보행자,남,43세,중상
횡단보도외횡단중사고,2020041300100292,2020년 4월 13일 15시,월요일,부산광역시 연제구 연산동,중상사고,0,1,0,0,차대사람 - 횡단중,안전운전불이행,건조,맑음,단일로 - 기타,승용,여,55세,상해없음,보행자,남,55세,중상
횡단보도외횡단중사고,2020041400100084,2020년 4월 14일 08시,화요일,부산광역시 금정구 두구동,경상사고,0,0,1,0,차대사람 - 횡단중,안전운전불이행,건조,맑음,단일로 - 기타,승용,남,37세,상해없음,보행자,여,84세,경상
횡단보도외횡단중사고,2020041400100586,2020년 4월 14일 23시,화요일,부산광역시 영도구 동삼동,중상사고,0,1,0,0,차대사람 - 횡단중,안전운전불이행,건조,맑음,단일로 - 기타,승용,남,70세,상해없음,보행자,남,59세,중상
횡단보도외횡단중사고,2020041600100052,2020년 4월 16일 07시,목요일,부산광역시 영도구 동삼동,경상사고,0,0,1,0,차대사람 - 횡단중,안전운전불이행,건조,맑음,교차로 - 교차로부근,화물,남,57세,상해없음,보행자,남,23세,경상
횡단보도외횡단중사고,2020041700100057,2020년 4월 17일 07시,금요일,부산광역시 기장군 정관읍,중상사고,0,1,0,0,차대사람 - 횡단중,안전운전불이행,건조,맑음,단일로 - 기타,승용,여,55세,상해없음,보행자,여,62세,중상
횡단보도외횡단중사고,2020041800100466,2020년 4월 18일 20시,토요일,부산광역시 북구 구포동,중상사고,0,1,0,0,차대사람 - 횡단중,신호위반,건조,맑음,단일로 - 기타,이륜,남,56세,상해없음,보행자,여,54세,중상
횡단보도외횡단중사고,2020041900100296,2020년 4월 19일 19시,일요일,부산광역시 강서구 명지동,경상사고,0,0,1,0,차대사람 - 횡단중,안전운전불이행,젖음/습기,비,단일로 - 기타,승용,여,49세,상해없음,보행자,여,40세,경상
횡단보도외횡단중사고,2020042000100009,2020년 4월 20일 01시,월요일,부산광역시 수영구 망미동,경상사고,0,0,1,0,차대사람 - 차도통행중,안전운전불이행,젖음/습기,흐림,교차로 - 교차로부근,승용,남,62세,상해없음,보행자,남,58세,경상
횡단보도외횡단중사고,2020042100100346,2020년 4월 21일 17시,화요일,부산광역시 금정구 남산동,경상사고,0,0,1,0,차대사람 - 기타,안전운전불이행,건조,맑음,단일로 - 기타,승용,남,59세,상해없음,보행자,여,15세,경상
횡단보도외횡단중사고,2020042100100395,2020년 4월 21일 18시,화요일,부산광역시 해운대구 우동,중상사고,0,1,0,0,차대사람 - 기타,안전운전불이행,건조,맑음,교차로 - 교차로안,승용,여,66세,상해없음,보행자,여,20세,중상
횡단보도외횡단중사고,2020042200100211,2020년 4월 22일 12시,수요일,부산광역시 영도구 영선동1가,사망사고,1,0,0,0,차대사람 - 횡단중,안전운전불이행,건조,맑음,교차로 - 교차로부근,승용,여,48세,상해없음,보행자,여,66세,사망
횡단보도외횡단중사고,2020042200100212,2020년 4월 22일 12시,수요일,부산광역시 금정구 구서동,경상사고,0,0,1,0,차대사람 - 횡단중,안전운전불이행,건조,맑음,단일로 - 기타,승용,남,51세,상해없음,보행자,남,8세,경상
횡단보도외횡단중사고,2020042200100291,2020년 4월 22일 15시,수요일,부산광역시 동구 수정동,경상사고,0,0,1,0,차대사람 - 횡단중,안전운전불이행,건조,맑음,단일로 - 기타,승용,남,62세,상해없음,보행자,여,70세,경상
횡단보도외횡단중사고,2020042300100223,2020년 4월 23일 13시,목요일,부산광역시 부산진구 부전동,중상사고,0,1,0,0,차대사람 - 횡단중,안전운전불이행,건조,맑음,단일로 - 기타,승용,여,55세,상해없음,보행자,여,49세,중상
횡단보도외횡단중사고,2020042400100262,2020년 4월 24일 13시,금요일,부산광역시 부산진구 부전동,경상사고,0,0,1,0,차대사람 - 기타,안전운전불이행,건조,맑음,단일로 - 기타,화물,남,64세,상해없음,보행자,남,73세,경상
횡단보도외횡단중사고,2020042400100427,2020년 4월 24일 17시,금요일,부산광역시 중구 영주동,중상사고,0,2,0,0,차대사람 - 기타,안전운전불이행,건조,맑음,단일로 - 기타,승합,남,57세,상해없음,보행자,여,68세,중상
횡단보도외횡단중사고,2020042400100609,2020년 4월 24일 22시,금요일,부산광역시 영도구 동삼동,중상사고,0,1,0,0,차대사람 - 횡단중,보행자보호의무위반,건조,맑음,단일로 - 기타,승용,남,54세,상해없음,보행자,여,8세,중상
횡단보도외횡단중사고,2020042600100003,2020년 4월 26일 00시,일요일,부산광역시 해운대구 송정동,중상사고,0,2,0,0,차대사람 - 기타,불법유턴,건조,맑음,교차로 - 교차로부근,승용,남,62세,상해없음,보행자,남,69세,중상
횡단보도외횡단중사고,2020042600100375,2020년 4월 26일 19시,일요일,부산광역시 기장군 일광면,경상사고,0,0,1,0,차대사람 - 기타,안전운전불이행,건조,맑음,단일로 - 기타,승용,남,47세,상해없음,보행자,남,40세,경상
횡단보도외횡단중사고,2.02004E+15,2020년 4월 27일 13시,월요일,부산광역시 사하구 괴정동,중상사고,0,1,0,0,차대사람 - 기타,안전운전불이행,건조,맑음,교차로 - 교차로안,승용,남,38세,상해없음,보행자,남,80세,중상
횡단보도외횡단중사고,2020042800100573,2020년 4월 28일 21시,화요일,부산광역시 동래구 사직동,경상사고,0,0,1,0,차대사람 - 기타,보행자보호의무위반,건조,맑음,교차로 - 교차로안,승용,여,42세,상해없음,보행자,여,60세,경상
횡단보도외횡단중사고,2020043000100086,2020년 4월 30일 06시,목요일,부산광역시 남구 대연동,경상사고,0,0,1,0,차대사람 - 횡단중,안전운전불이행,건조,맑음,단일로 - 기타,승용,남,22세,상해없음,보행자,남,83세,경상
횡단보도외횡단중사고,2020043000100149,2020년 4월 30일 10시,목요일,부산광역시 동구 초량동,중상사고,0,1,0,0,차대사람 - 횡단중,보행자보호의무위반,건조,맑음,교차로 - 교차로안,화물,남,53세,상해없음,보행자,여,70세,중상
횡단보도외횡단중사고,2020043000100256,2020년 4월 30일 13시,목요일,부산광역시 부산진구 개금동,경상사고,0,0,1,0,차대사람 - 횡단중,안전운전불이행,건조,맑음,단일로 - 기타,이륜,남,26세,상해없음,보행자,여,60세,경상
횡단보도외횡단중사고,2020050200100503,2020년 5월 2일 21시,토요일,부산광역시 금정구 서동,경상사고,0,0,1,0,차대사람 - 차도통행중,안전운전불이행,건조,맑음,교차로 - 교차로안,승용,남,63세,상해없음,보행자,여,56세,경상
횡단보도외횡단중사고,2020050400100134,2020년 5월 4일 10시,월요일,부산광역시 중구 남포동6가,중상사고,0,1,0,0,차대사람 - 횡단중,안전운전불이행,건조,맑음,단일로 - 기타,화물,남,61세,상해없음,보행자,남,65세,중상
횡단보도외횡단중사고,2020050400100619,2020년 5월 4일 21시,월요일,부산광역시 사상구 주례동,중상사고,0,1,0,0,차대사람 - 차도통행중,안전거리미확보,건조,맑음,단일로 - 지하차도(도로)내,승용,남,48세,상해없음,보행자,남,49세,중상
횡단보도외횡단중사고,2020050500100033,2020년 5월 5일 02시,화요일,부산광역시 부산진구 부전동,중상사고,0,1,0,0,차대사람 - 기타,안전운전불이행,건조,맑음,단일로 - 기타,승용,남,60세,상해없음,보행자,남,43세,중상
횡단보도외횡단중사고,2020050500100366,2020년 5월 5일 20시,화요일,부산광역시 금정구 부곡동,경상사고,0,0,1,0,차대사람 - 횡단중,보행자보호의무위반,건조,맑음,교차로 - 교차로횡단보도내,승용,여,55세,상해없음,보행자,남,53세,경상
횡단보도외횡단중사고,2020050600100083,2020년 5월 6일 08시,수요일,부산광역시 사하구 장림동,경상사고,0,0,1,0,차대사람 - 횡단중,안전운전불이행,건조,맑음,교차로 - 교차로부근,화물,남,58세,상해없음,보행자,여,40세,경상
횡단보도외횡단중사고,2.02005E+15,2020년 5월 6일 17시,수요일,부산광역시 동래구 온천동,경상사고,0,0,1,0,차대사람 - 기타,안전운전불이행,건조,맑음,단일로 - 기타,승용,남,50세,상해없음,보행자,여,68세,경상
횡단보도외횡단중사고,2020050600100442,2020년 5월 6일 17시,수요일,부산광역시 부산진구 당감동,경상사고,0,0,1,1,차대사람 - 기타,안전운전불이행,건조,맑음,단일로 - 기타,이륜,남,17세,부상신고,보행자,남,62세,경상
횡단보도외횡단중사고,2020050600100612,2020년 5월 6일 21시,수요일,부산광역시 북구 만덕동,중상사고,0,2,0,0,차대사람 - 횡단중,안전운전불이행,건조,맑음,단일로 - 기타,이륜,남,19세,중상,보행자,남,64세,중상
횡단보도외횡단중사고,2020050600100613,2020년 5월 6일 21시,수요일,부산광역시 부산진구 부전동,경상사고,0,0,1,0,차대사람 - 길가장자리구역통행중,안전운전불이행,건조,맑음,단일로 - 기타,자전거,남,47세,상해없음,보행자,여,60세,경상
횡단보도외횡단중사고,2020050700100597,2020년 5월 7일 20시,목요일,부산광역시 동래구 사직동,중상사고,0,1,1,0,차대사람 - 횡단중,안전운전불이행,건조,맑음,단일로 - 기타,이륜,남,35세,경상,보행자,남,65세,중상
횡단보도외횡단중사고,2020050800100435,2020년 5월 8일 18시,금요일,부산광역시 연제구 연산동,경상사고,0,0,1,0,차대사람 - 횡단중,안전운전불이행,건조,맑음,교차로 - 교차로안,화물,남,57세,상해없음,보행자,남,58세,경상
횡단보도외횡단중사고,2020050900100325,2020년 5월 9일 15시,토요일,부산광역시 금정구 남산동,중상사고,0,1,0,0,차대사람 - 차도통행중,안전운전불이행,젖음/습기,비,교차로 - 교차로안,승용,여,48세,상해없음,보행자,여,69세,중상
횡단보도외횡단중사고,2020050900100462,2020년 5월 9일 19시,토요일,부산광역시 사하구 괴정동,경상사고,0,0,2,0,차대사람 - 차도통행중,안전운전불이행,젖음/습기,흐림,교차로 - 교차로안,승용,여,47세,상해없음,보행자,남,57세,경상
횡단보도외횡단중사고,2.02005E+15,2020년 5월 11일 12시,월요일,부산광역시 중구 동광동4가,경상사고,0,0,1,0,차대사람 - 횡단중,안전운전불이행,건조,맑음,단일로 - 기타,화물,남,64세,상해없음,보행자,남,63세,경상
횡단보도외횡단중사고,2020051200100075,2020년 5월 12일 07시,화요일,부산광역시 서구 아미동2가,중상사고,0,1,0,0,차대사람 - 횡단중,안전운전불이행,건조,맑음,단일로 - 기타,승용,여,36세,상해없음,보행자,남,59세,중상
횡단보도외횡단중사고,2020051200100109,2020년 5월 12일 08시,화요일,부산광역시 영도구 청학동,경상사고,0,0,1,0,차대사람 - 횡단중,안전운전불이행,건조,맑음,단일로 - 기타,승용,여,40세,상해없음,보행자,남,21세,경상
횡단보도외횡단중사고,2020051400100494,2020년 5월 14일 19시,목요일,부산광역시 남구 대연동,중상사고,0,1,0,0,차대사람 - 차도통행중,안전운전불이행,건조,맑음,교차로 - 교차로안,승용,여,26세,상해없음,보행자,여,53세,중상
횡단보도외횡단중사고,2020051400100622,2020년 5월 14일 23시,목요일,부산광역시 기장군 기장읍,경상사고,0,0,1,0,차대사람 - 횡단중,안전운전불이행,건조,맑음,교차로 - 교차로횡단보도내,기타불명,기타불명,미분류,기타불명,보행자,남,40세,경상
횡단보도외횡단중사고,2020051500100281,2020년 5월 15일 14시,금요일,부산광역시 동래구 안락동,경상사고,0,0,1,0,차대사람 - 횡단중,안전운전불이행,건조,맑음,단일로 - 기타,승용,남,60세,상해없음,보행자,남,22세,경상
횡단보도외횡단중사고,2020051800100241,2020년 5월 18일 13시,월요일,부산광역시 영도구 동삼동,중상사고,0,1,0,0,차대사람 - 기타,안전운전불이행,건조,맑음,교차로 - 교차로안,화물,남,52세,상해없음,보행자,여,76세,중상
횡단보도외횡단중사고,2020051900100076,2020년 5월 19일 08시,화요일,부산광역시 부산진구 범천동,중상사고,0,1,0,0,차대사람 - 횡단중,안전운전불이행,건조,맑음,교차로 - 교차로안,승용,남,58세,상해없음,보행자,남,60세,중상
횡단보도외횡단중사고,2020051900100502,2020년 5월 19일 21시,화요일,부산광역시 부산진구 부암동,중상사고,0,1,0,0,차대사람 - 차도통행중,안전운전불이행,건조,맑음,교차로 - 교차로안,승용,남,70세,상해없음,보행자,여,66세,중상
횡단보도외횡단중사고,2020052000100469,2020년 5월 20일 17시,수요일,부산광역시 연제구 연산동,중상사고,0,1,0,0,차대사람 - 횡단중,안전운전불이행,건조,맑음,교차로 - 교차로안,승용,남,43세,상해없음,보행자,여,58세,중상
횡단보도외횡단중사고,2020052200100488,2020년 5월 22일 18시,금요일,부산광역시 강서구 명지동,부상신고사고,0,0,0,1,차대사람 - 횡단중,안전운전불이행,건조,맑음,교차로 - 교차로부근,승용,여,40세,상해없음,보행자,여,17세,부상신고
횡단보도외횡단중사고,2020052400100262,2020년 5월 24일 15시,일요일,부산광역시 부산진구 당감동,중상사고,0,1,0,0,차대사람 - 횡단중,안전운전불이행,건조,맑음,기타 - 기타,승용,남,37세,상해없음,보행자,여,79세,중상
횡단보도외횡단중사고,2020052600100055,2020년 5월 26일 06시,화요일,부산광역시 해운대구 좌동,중상사고,0,1,0,0,차대사람 - 횡단중,안전운전불이행,건조,맑음,단일로 - 기타,자전거,남,26세,상해없음,보행자,여,55세,중상
횡단보도외횡단중사고,2020052600100592,2020년 5월 26일 23시,화요일,부산광역시 동래구 안락동,부상신고사고,0,0,0,1,차대사람 - 기타,안전운전불이행,건조,맑음,교차로 - 교차로부근,승용,남,55세,상해없음,보행자,남,18세,부상신고
횡단보도외횡단중사고,2020052700100449,2020년 5월 27일 17시,수요일,부산광역시 부산진구 부전동,경상사고,0,0,1,0,차대사람 - 차도통행중,안전운전불이행,건조,맑음,단일로 - 기타,승용,남,62세,상해없음,보행자,여,65세,경상
횡단보도외횡단중사고,2020052800100596,2020년 5월 28일 22시,목요일,부산광역시 사상구 괘법동,경상사고,0,0,1,0,차대사람 - 횡단중,안전운전불이행,건조,맑음,단일로 - 지하차도(도로)내,승용,남,20세,상해없음,보행자,남,62세,경상
횡단보도외횡단중사고,2020052900100052,2020년 5월 29일 06시,금요일,부산광역시 부산진구 범천동,중상사고,0,1,0,0,차대사람 - 차도통행중,안전운전불이행,건조,맑음,단일로 - 기타,승용,남,31세,상해없음,보행자,남,78세,중상
횡단보도외횡단중사고,2020053000100308,2020년 5월 30일 13시,토요일,부산광역시 해운대구 재송동,중상사고,0,1,0,0,차대사람 - 횡단중,안전운전불이행,건조,맑음,단일로 - 기타,승용,남,55세,상해없음,보행자,남,63세,중상
횡단보도외횡단중사고,2.02005E+15,2020년 5월 30일 14시,토요일,부산광역시 동구 수정동,중상사고,0,1,0,0,차대사람 - 횡단중,안전운전불이행,건조,맑음,단일로 - 기타,승용,남,78세,상해없음,보행자,여,69세,중상
횡단보도외횡단중사고,2020053000100393,2020년 5월 30일 15시,토요일,부산광역시 영도구 동삼동,중상사고,0,1,0,0,차대사람 - 횡단중,중앙선침범,건조,맑음,단일로 - 기타,화물,남,35세,상해없음,보행자,여,75세,중상
횡단보도외횡단중사고,2020053100100221,2020년 5월 31일 14시,일요일,부산광역시 동구 초량동,중상사고,0,1,0,0,차대사람 - 차도통행중,안전운전불이행,건조,맑음,단일로 - 기타,승용,여,45세,상해없음,보행자,여,64세,중상
횡단보도외횡단중사고,2.02006E+15,2020년 6월 2일 08시,화요일,부산광역시 사하구 장림동,중상사고,0,1,0,0,차대사람 - 기타,안전운전불이행,건조,맑음,교차로 - 교차로부근,승용,남,47세,상해없음,보행자,여,42세,중상
횡단보도외횡단중사고,2020060300100358,2020년 6월 3일 16시,수요일,부산광역시 동래구 사직동,중상사고,0,1,0,0,차대사람 - 횡단중,안전운전불이행,건조,맑음,교차로 - 교차로안,승용,남,75세,상해없음,보행자,여,61세,중상
횡단보도외횡단중사고,2020060300100569,2020년 6월 3일 21시,수요일,부산광역시 중구 광복동1가,중상사고,0,1,0,0,차대사람 - 기타,안전운전불이행,건조,맑음,교차로 - 교차로부근,승용,남,34세,상해없음,보행자,남,47세,중상
횡단보도외횡단중사고,2020060400100083,2020년 6월 4일 08시,목요일,부산광역시 해운대구 좌동,중상사고,0,1,0,0,차대사람 - 횡단중,신호위반,건조,맑음,교차로 - 교차로부근,승용,남,56세,상해없음,보행자,여,46세,중상
횡단보도외횡단중사고,2020060500100059,2020년 6월 5일 06시,금요일,부산광역시 부산진구 부전동,경상사고,0,0,1,0,차대사람 - 차도통행중,안전운전불이행,건조,맑음,단일로 - 기타,화물,남,72세,상해없음,보행자,남,48세,경상
횡단보도외횡단중사고,2020060500100367,2020년 6월 5일 15시,금요일,부산광역시 금정구 부곡동,중상사고,0,1,0,0,차대사람 - 횡단중,안전운전불이행,건조,맑음,교차로 - 교차로안,승용,남,56세,상해없음,보행자,여,79세,중상
횡단보도외횡단중사고,2020060500100596,2020년 6월 5일 20시,금요일,부산광역시 중구 영주동,경상사고,0,0,1,0,차대사람 - 횡단중,안전운전불이행,건조,맑음,교차로 - 교차로부근,이륜,남,24세,상해없음,보행자,남,4세,경상
횡단보도외횡단중사고,2020060500100644,2020년 6월 5일 21시,금요일,부산광역시 사상구 괘법동,경상사고,0,0,1,0,차대사람 - 횡단중,안전운전불이행,건조,맑음,단일로 - 기타,승용,남,69세,상해없음,보행자,남,54세,경상
횡단보도외횡단중사고,2020060600100211,2020년 6월 6일 12시,토요일,부산광역시 서구 서대신동2가,중상사고,0,1,0,0,차대사람 - 기타,안전운전불이행,건조,맑음,단일로 - 기타,승용,남,49세,상해없음,보행자,남,61세,중상
횡단보도외횡단중사고,2020060800100004,2020년 6월 8일 00시,월요일,부산광역시 사하구 괴정동,경상사고,0,0,1,0,차대사람 - 기타,안전운전불이행,건조,맑음,단일로 - 기타,이륜,남,27세,상해없음,보행자,여,68세,경상
횡단보도외횡단중사고,2020060900100184,2020년 6월 9일 10시,화요일,부산광역시 해운대구 우동,중상사고,0,1,0,0,차대사람 - 기타,과속,건조,맑음,단일로 - 기타,승용,남,28세,상해없음,보행자,여,37세,중상
횡단보도외횡단중사고,2020060900100258,2020년 6월 9일 12시,화요일,부산광역시 강서구 대저1동,경상사고,0,0,1,0,차대사람 - 횡단중,안전운전불이행,건조,맑음,교차로 - 교차로안,화물,남,57세,상해없음,보행자,여,79세,경상
횡단보도외횡단중사고,2020060900100384,2020년 6월 9일 15시,화요일,부산광역시 영도구 동삼동,경상사고,0,0,1,0,차대사람 - 횡단중,안전운전불이행,건조,맑음,단일로 - 기타,이륜,남,78세,상해없음,보행자,여,73세,경상
횡단보도외횡단중사고,2020061000100098,2020년 6월 10일 08시,수요일,부산광역시 동구 수정동,중상사고,0,1,0,0,차대사람 - 기타,안전운전불이행,건조,맑음,단일로 - 기타,승용,남,50세,상해없음,보행자,여,75세,중상
횡단보도외횡단중사고,2020061000100434,2020년 6월 10일 17시,수요일,부산광역시 부산진구 부전동,경상사고,0,0,1,0,차대사람 - 횡단중,안전운전불이행,건조,맑음,단일로 - 기타,이륜,남,24세,상해없음,보행자,여,70세,경상
횡단보도외횡단중사고,2020061400100046,2020년 6월 14일 02시,일요일,부산광역시 금정구 장전동,경상사고,0,0,1,0,차대사람 - 횡단중,안전운전불이행,젖음/습기,비,교차로 - 교차로안,승용,남,20세,상해없음,보행자,남,24세,경상
횡단보도외횡단중사고,2020061400100487,2020년 6월 14일 22시,일요일,부산광역시 해운대구 우동,부상신고사고,0,0,0,2,차대사람 - 기타,안전운전불이행,건조,맑음,단일로 - 기타,기타불명,기타불명,미분류,기타불명,보행자,남,50세,부상신고
횡단보도외횡단중사고,2020061500100692,2020년 6월 15일 23시,월요일,부산광역시 남구 대연동,중상사고,0,1,1,0,차대사람 - 차도통행중,안전운전불이행,건조,맑음,교차로 - 교차로부근,승용,남,66세,상해없음,보행자,남,24세,중상
횡단보도외횡단중사고,2020061700100196,2020년 6월 17일 11시,수요일,부산광역시 해운대구 반송동,경상사고,0,0,1,0,차대사람 - 기타,안전운전불이행,건조,맑음,단일로 - 기타,승용,남,40세,상해없음,보행자,여,52세,경상
횡단보도외횡단중사고,2020061700100272,2020년 6월 17일 13시,수요일,부산광역시 동구 초량동,중상사고,0,2,0,0,차대사람 - 차도통행중,안전운전불이행,건조,맑음,단일로 - 기타,승용,남,49세,상해없음,보행자,여,7세,중상
횡단보도외횡단중사고,2020061700100595,2020년 6월 17일 22시,수요일,부산광역시 금정구 부곡동,중상사고,0,1,0,0,차대사람 - 기타,안전운전불이행,건조,맑음,단일로 - 기타,승용,여,54세,상해없음,보행자,남,51세,중상