사고부문,사고번호,사고일시,요일,시군구,사고내용,사망자수,중상자수,경상자수,부상신고자수,사고유형,법규위반,노면상태,기상상태,도로형태,가해운전자 차종,가해운전자 성별,가해운전자 연령,가해운전자 상해정도,피해운전자 차종,피해운전자 성별,피해운전자 연령,피해운전자 상해정도
횡단보도외횡단중사고,2.02006E+15,2020년 6월 18일 02시,목요일,부산광역시 사하구 괴정동,경상사고,0,0,1,0,차대사람 - 차도통행중,안전운전불이행,젖음/습기,비,교차로 - 교차로안,승용,남,46세,상해없음,보행자,남,62세,경상
횡단보도외횡단중사고,2020061900100106,2020년 6월 19일 08시,금요일,부산광역시 연제구 연산동,중상사고,0,1,0,0,차대사람 - 기타,안전운전불이행,건조,맑음,단일로 - 기타,승용,남,45세,상해없음,보행자,남,70세,중상
횡단보도외횡단중사고,2020061900100178,2020년 6월 19일 10시,금요일,부산광역시 동래구 명장동,경상사고,0,0,1,0,차대사람 - 횡단중,안전운전불이행,건조,맑음,교차로 - 교차로안,승용,여,49세,상해없음,보행자,여,13세,경상
횡단보도외횡단중사고,2020061900100368,2020년 6월 19일 15시,금요일,부산광역시 남구 문현동,중상사고,0,1,0,0,차대사람 - 횡단중,안전운전불이행,건조,맑음,단일로 - 기타,승용,여,42세,상해없음,보행자,남,4세,중상
횡단보도외횡단중사고,2020061900100425,2020년 6월 19일 16시,금요일,부산광역시 기장군 기장읍,중상사고,0,1,0,0,차대사람 - 보도통행중,안전운전불이행,건조,맑음,단일로 - 기타,승용,남,47세,상해없음,보행자,여,68세,중상
횡단보도외횡단중사고,2020062100100275,2020년 6월 21일 15시,일요일,부산광역시 남구 문현동,경상사고,0,0,1,0,차대사람 - 기타,안전운전불이행,건조,맑음,단일로 - 기타,승용,남,62세,상해없음,보행자,여,51세,경상
횡단보도외횡단중사고,2020062100100437,2020년 6월 21일 20시,일요일,부산광역시 사하구 괴정동,경상사고,0,0,1,0,차대사람 - 기타,안전운전불이행,건조,맑음,단일로 - 지하차도(도로)내,이륜,남,59세,상해없음,보행자,남,66세,경상
횡단보도외횡단중사고,2020062100100464,2020년 6월 21일 21시,일요일,부산광역시 수영구 망미동,사망사고,1,0,0,0,차대사람 - 횡단중,안전운전불이행,건조,맑음,교차로 - 교차로부근,승합,남,44세,상해없음,보행자,여,76세,사망
횡단보도외횡단중사고,2020062200100516,2020년 6월 22일 17시,월요일,부산광역시 동구 수정동,경상사고,0,0,1,0,차대사람 - 기타,안전운전불이행,건조,맑음,단일로 - 기타,승용,여,45세,상해없음,보행자,여,80세,경상
횡단보도외횡단중사고,2020062400100552,2020년 6월 24일 20시,수요일,부산광역시 연제구 거제동,중상사고,0,1,0,0,차대사람 - 기타,안전운전불이행,건조,맑음,단일로 - 기타,승용,여,41세,상해없음,보행자,여,62세,중상
횡단보도외횡단중사고,2020062400100647,2020년 6월 24일 22시,수요일,부산광역시 사하구 장림동,중상사고,0,1,0,0,차대사람 - 횡단중,안전운전불이행,젖음/습기,비,교차로 - 교차로안,화물,남,53세,상해없음,보행자,남,49세,중상
횡단보도외횡단중사고,2020062500100395,2020년 6월 25일 17시,목요일,부산광역시 서구 충무동2가,경상사고,0,0,1,0,차대사람 - 횡단중,안전운전불이행,젖음/습기,비,단일로 - 기타,승용,여,58세,상해없음,보행자,남,26세,경상
횡단보도외횡단중사고,2020062500100397,2020년 6월 25일 17시,목요일,부산광역시 부산진구 전포동,경상사고,0,0,1,0,차대사람 - 횡단중,안전운전불이행,젖음/습기,비,교차로 - 교차로부근,승용,남,60세,상해없음,보행자,남,18세,경상
횡단보도외횡단중사고,2020062500100531,2020년 6월 25일 21시,목요일,부산광역시 금정구 서동,경상사고,0,0,1,0,차대사람 - 기타,안전운전불이행,건조,맑음,교차로 - 교차로안,화물,남,54세,상해없음,보행자,남,60세,경상
횡단보도외횡단중사고,2020062600100318,2020년 6월 26일 14시,금요일,부산광역시 사상구 주례동,중상사고,0,1,0,0,차대사람 - 횡단중,안전운전불이행,건조,맑음,단일로 - 기타,이륜,남,19세,상해없음,보행자,여,50세,중상
횡단보도외횡단중사고,2020062700100027,2020년 6월 27일 01시,토요일,부산광역시 해운대구 우동,중상사고,0,1,0,0,차대사람 - 횡단중,안전운전불이행,건조,맑음,단일로 - 기타,승용,남,59세,상해없음,보행자,남,29세,중상
횡단보도외횡단중사고,2020062900100072,2020년 6월 29일 08시,월요일,부산광역시 동래구 명륜동,중상사고,0,1,0,0,차대사람 - 횡단중,안전운전불이행,건조,맑음,단일로 - 기타,승용,남,65세,상해없음,보행자,여,57세,중상
횡단보도외횡단중사고,2020062900100276,2020년 6월 29일 14시,월요일,부산광역시 연제구 연산동,중상사고,0,1,0,0,차대사람 - 기타,신호위반,젖음/습기,맑음,단일로 - 기타,승용,남,50세,상해없음,보행자,여,84세,중상
횡단보도외횡단중사고,2020063000100143,2020년 6월 30일 09시,화요일,부산광역시 사상구 모라동,경상사고,0,0,1,0,차대사람 - 횡단중,안전운전불이행,건조,맑음,단일로 - 기타,승용,여,48세,상해없음,보행자,여,53세,경상
횡단보도외횡단중사고,2020063000100313,2020년 6월 30일 15시,화요일,부산광역시 금정구 장전동,경상사고,0,0,1,0,차대사람 - 횡단중,신호위반,건조,맑음,교차로 - 교차로횡단보도내,승용,남,51세,상해없음,보행자,여,7세,경상
횡단보도외횡단중사고,2020070100100228,2020년 7월 1일 12시,수요일,부산광역시 중구 중앙동4가,중상사고,0,1,0,0,차대사람 - 횡단중,안전운전불이행,건조,맑음,단일로 - 기타,승용,여,39세,상해없음,보행자,여,34세,중상
횡단보도외횡단중사고,2020070100100527,2020년 7월 1일 21시,수요일,부산광역시 사하구 하단동,중상사고,0,1,0,0,차대사람 - 기타,안전운전불이행,건조,맑음,단일로 - 기타,승용,남,55세,상해없음,보행자,여,13세,중상
횡단보도외횡단중사고,2020070200100376,2020년 7월 2일 16시,목요일,부산광역시 서구 동대신동3가,중상사고,0,1,0,0,차대사람 - 차도통행중,안전운전불이행,건조,맑음,단일로 - 기타,승용,남,53세,상해없음,보행자,여,65세,중상
횡단보도외횡단중사고,2020070200100557,2020년 7월 2일 21시,목요일,부산광역시 금정구 부곡동,중상사고,0,1,0,0,차대사람 - 횡단중,안전운전불이행,건조,맑음,교차로 - 교차로부근,승용,여,53세,상해없음,보행자,여,62세,중상
횡단보도외횡단중사고,2020070300100373,2020년 7월 3일 16시,금요일,부산광역시 해운대구 우동,경상사고,0,0,1,0,차대사람 - 횡단중,안전운전불이행,건조,맑음,단일로 - 기타,이륜,남,44세,상해없음,보행자,여,68세,경상
횡단보도외횡단중사고,2.02007E+15,2020년 7월 3일 22시,금요일,부산광역시 사하구 다대동,중상사고,0,1,0,0,차대사람 - 횡단중,안전운전불이행,젖음/습기,맑음,단일로 - 지하차도(도로)내,승용,여,75세,상해없음,보행자,남,42세,중상
횡단보도외횡단중사고,2020070400100636,2020년 7월 4일 23시,토요일,부산광역시 기장군 정관읍,중상사고,0,1,0,0,차대사람 - 횡단중,안전운전불이행,건조,맑음,단일로 - 기타,승용,남,66세,상해없음,보행자,남,58세,중상
횡단보도외횡단중사고,2020070800100037,2020년 7월 8일 05시,수요일,부산광역시 부산진구 가야동,중상사고,0,1,0,0,차대사람 - 횡단중,안전운전불이행,건조,맑음,교차로 - 교차로안,승합,남,73세,상해없음,보행자,남,56세,중상
횡단보도외횡단중사고,2020070900100363,2020년 7월 9일 15시,목요일,부산광역시 동래구 사직동,경상사고,0,0,1,0,차대사람 - 차도통행중,안전운전불이행,건조,맑음,단일로 - 기타,승용,남,59세,상해없음,보행자,여,8세,경상
횡단보도외횡단중사고,2020070900100505,2020년 7월 9일 18시,목요일,부산광역시 사상구 괘법동,중상사고,0,1,0,0,차대사람 - 차도통행중,안전운전불이행,건조,맑음,교차로 - 교차로안,승용,여,61세,상해없음,보행자,여,79세,중상
횡단보도외횡단중사고,2020070900100589,2020년 7월 9일 20시,목요일,부산광역시 사하구 괴정동,경상사고,0,0,1,0,차대사람 - 기타,안전운전불이행,젖음/습기,비,단일로 - 기타,이륜,남,47세,상해없음,보행자,여,53세,경상
횡단보도외횡단중사고,2020071100100478,2020년 7월 11일 18시,토요일,부산광역시 해운대구 송정동,중상사고,0,1,0,0,차대사람 - 기타,안전운전불이행,기타,맑음,단일로 - 기타,승용,남,59세,상해없음,보행자,남,68세,중상
횡단보도외횡단중사고,2020071200100481,2020년 7월 12일 22시,일요일,부산광역시 기장군 정관읍,중상사고,0,1,0,0,차대사람 - 횡단중,안전운전불이행,젖음/습기,비,교차로 - 교차로부근,승합,남,48세,상해없음,보행자,남,38세,중상
횡단보도외횡단중사고,2020071300100096,2020년 7월 13일 08시,월요일,부산광역시 사하구 감천동,중상사고,0,1,0,0,차대차 - 추돌,안전거리미확보,젖음/습기,비,단일로 - 기타,승용,남,20세,상해없음,승용,남,54세,상해없음
횡단보도외횡단중사고,2020071300100497,2020년 7월 13일 20시,월요일,부산광역시 수영구 광안동,경상사고,0,0,1,0,차대사람 - 횡단중,중앙선침범,건조,맑음,단일로 - 기타,승용,남,28세,상해없음,보행자,여,63세,경상
횡단보도외횡단중사고,2020071400100015,2020년 7월 14일 00시,화요일,부산광역시 수영구 남천동,경상사고,0,0,1,0,차대사람 - 차도통행중,안전운전불이행,건조,맑음,교차로 - 교차로부근,승용,남,31세,상해없음,보행자,남,51세,경상
횡단보도외횡단중사고,2.02007E+15,2020년 7월 14일 12시,화요일,부산광역시 금정구 장전동,경상사고,0,0,1,0,차대사람 - 기타,안전운전불이행,건조,맑음,교차로 - 교차로안,승용,남,60세,상해없음,보행자,여,21세,경상
횡단보도외횡단중사고,2020071400100282,2020년 7월 14일 13시,화요일,부산광역시 동래구 명장동,중상사고,0,1,0,0,차대사람 - 기타,보행자보호의무위반,건조,맑음,단일로 - 기타,화물,남,56세,상해없음,보행자,여,8세,중상
횡단보도외횡단중사고,2020071400100354,2020년 7월 14일 15시,화요일,부산광역시 남구 대연동,중상사고,0,1,0,0,차대사람 - 횡단중,안전운전불이행,젖음/습기,비,단일로 - 기타,승용,남,57세,상해없음,보행자,여,8세,중상
횡단보도외횡단중사고,2020071400100538,2020년 7월 14일 20시,화요일,부산광역시 해운대구 좌동,경상사고,0,0,1,0,차대사람 - 횡단중,안전운전불이행,건조,맑음,단일로 - 기타,이륜,남,32세,상해없음,보행자,여,17세,경상
횡단보도외횡단중사고,2020071500100252,2020년 7월 15일 13시,수요일,부산광역시 동래구 사직동,경상사고,0,0,1,0,차대사람 - 기타,안전운전불이행,건조,맑음,단일로 - 기타,승합,남,38세,기타불명,보행자,여,28세,경상
횡단보도외횡단중사고,2020071500100361,2020년 7월 15일 16시,수요일,부산광역시 해운대구 반여동,중상사고,0,1,0,0,차대사람 - 기타,안전운전불이행,건조,맑음,단일로 - 기타,승용,남,44세,상해없음,보행자,여,65세,중상
횡단보도외횡단중사고,2020071600100312,2020년 7월 16일 14시,목요일,부산광역시 서구 서대신동2가,부상신고사고,0,0,0,1,차대사람 - 횡단중,안전운전불이행,건조,맑음,단일로 - 기타,승용,여,29세,상해없음,보행자,여,84세,부상신고
횡단보도외횡단중사고,2020071700100067,2020년 7월 17일 07시,금요일,부산광역시 해운대구 중동,중상사고,0,1,0,0,차대사람 - 기타,안전운전불이행,건조,맑음,교차로 - 교차로안,승용,남,69세,상해없음,보행자,여,48세,중상
횡단보도외횡단중사고,2.02007E+15,2020년 7월 17일 20시,금요일,부산광역시 남구 문현동,경상사고,0,0,1,0,차대사람 - 횡단중,안전운전불이행,건조,맑음,단일로 - 기타,이륜,남,19세,상해없음,보행자,여,78세,경상
횡단보도외횡단중사고,2020072000100043,2020년 7월 20일 06시,월요일,부산광역시 서구 남부민동,중상사고,0,1,0,0,차대사람 - 횡단중,안전운전불이행,건조,흐림,단일로 - 기타,화물,남,50세,상해없음,보행자,여,80세,중상
횡단보도외횡단중사고,2020072000100308,2020년 7월 20일 15시,월요일,부산광역시 북구 덕천동,중상사고,0,1,0,0,차대사람 - 기타,안전운전불이행,건조,맑음,단일로 - 기타,화물,남,50세,상해없음,보행자,여,62세,중상
횡단보도외횡단중사고,2.02007E+15,2020년 7월 20일 17시,월요일,부산광역시 동래구 온천동,중상사고,0,1,0,0,차대사람 - 횡단중,안전운전불이행,건조,맑음,단일로 - 기타,승용,남,46세,상해없음,보행자,남,8세,중상
횡단보도외횡단중사고,2020072100100024,2020년 7월 21일 01시,화요일,부산광역시 동래구 사직동,중상사고,0,1,0,0,차대사람 - 횡단중,안전운전불이행,건조,맑음,단일로 - 기타,승합,남,74세,상해없음,보행자,남,61세,중상
횡단보도외횡단중사고,2020072100100191,2020년 7월 21일 11시,화요일,부산광역시 중구 동광동5가,중상사고,0,1,0,0,차대사람 - 횡단중,안전운전불이행,건조,맑음,단일로 - 기타,승용,남,65세,상해없음,보행자,남,70세,중상
횡단보도외횡단중사고,2020072100100268,2020년 7월 21일 13시,화요일,부산광역시 금정구 부곡동,경상사고,0,0,1,0,차대사람 - 기타,안전운전불이행,건조,맑음,교차로 - 교차로안,승용,남,65세,상해없음,보행자,여,41세,경상
횡단보도외횡단중사고,2020072100100306,2020년 7월 21일 14시,화요일,부산광역시 북구 덕천동,중상사고,0,1,0,0,차대사람 - 기타,중앙선침범,건조,맑음,교차로 - 교차로안,승용,남,68세,상해없음,보행자,여,86세,중상
횡단보도외횡단중사고,2020072200100293,2020년 7월 22일 13시,수요일,부산광역시 부산진구 부전동,경상사고,0,0,1,0,차대사람 - 기타,안전운전불이행,건조,맑음,교차로 - 교차로안,화물,남,38세,상해없음,보행자,여,24세,경상
횡단보도외횡단중사고,2020072200100624,2020년 7월 22일 22시,수요일,부산광역시 사상구 모라동,중상사고,0,1,0,0,차대사람 - 횡단중,안전운전불이행,건조,맑음,단일로 - 기타,승용,여,62세,상해없음,보행자,남,69세,중상
횡단보도외횡단중사고,2020072300100188,2020년 7월 23일 11시,목요일,부산광역시 남구 대연동,중상사고,0,1,0,0,차대사람 - 횡단중,안전운전불이행,건조,맑음,교차로 - 교차로안,승용,여,62세,상해없음,보행자,남,56세,중상
횡단보도외횡단중사고,2020072300100477,2020년 7월 23일 19시,목요일,부산광역시 사상구 주례동,경상사고,0,0,1,0,차대사람 - 횡단중,안전운전불이행,젖음/습기,비,교차로 - 교차로안,승용,남,58세,상해없음,보행자,남,23세,경상
횡단보도외횡단중사고,2020072400100259,2020년 7월 24일 14시,금요일,부산광역시 사상구 감전동,경상사고,0,0,1,0,차대사람 - 기타,안전운전불이행,건조,맑음,단일로 - 기타,승용,남,30세,상해없음,보행자,남,70세,경상
횡단보도외횡단중사고,2.02007E+15,2020년 7월 24일 18시,금요일,부산광역시 남구 대연동,부상신고사고,0,0,0,1,차대사람 - 길가장자리구역통행중,안전운전불이행,건조,맑음,교차로 - 교차로부근,승용,여,65세,상해없음,보행자,여,9세,부상신고
횡단보도외횡단중사고,2020072500100177,2020년 7월 25일 10시,토요일,부산광역시 연제구 거제동,중상사고,0,1,0,0,차대사람 - 기타,안전운전불이행,건조,맑음,단일로 - 기타,화물,남,52세,상해없음,보행자,남,69세,중상
횡단보도외횡단중사고,2020072600100087,2020년 7월 26일 08시,일요일,부산광역시 해운대구 중동,경상사고,0,0,1,0,차대사람 - 횡단중,안전운전불이행,건조,맑음,교차로 - 교차로부근,승용,여,56세,상해없음,보행자,여,53세,경상
횡단보도외횡단중사고,2020072700100164,2020년 7월 27일 10시,월요일,부산광역시 부산진구 양정동,경상사고,0,0,1,0,차대사람 - 횡단중,안전운전불이행,건조,맑음,교차로 - 교차로안,승용,여,59세,상해없음,보행자,여,79세,경상
횡단보도외횡단중사고,2020072700100268,2020년 7월 27일 13시,월요일,부산광역시 금정구 구서동,중상사고,0,1,0,0,차대사람 - 보도통행중,안전운전불이행,건조,맑음,교차로 - 교차로안,승용,남,50세,상해없음,보행자,여,77세,중상
횡단보도외횡단중사고,2020072700100525,2020년 7월 27일 20시,월요일,부산광역시 부산진구 양정동,중상사고,0,1,0,0,차대사람 - 횡단중,안전운전불이행,젖음/습기,비,교차로 - 교차로안,승용,여,70세,상해없음,보행자,여,60세,중상
횡단보도외횡단중사고,2020072700100607,2020년 7월 27일 23시,월요일,부산광역시 사하구 괴정동,중상사고,0,1,0,0,차대사람 - 기타,안전운전불이행,젖음/습기,비,단일로 - 지하차도(도로)내,승용,남,73세,상해없음,보행자,남,40세,중상
횡단보도외횡단중사고,2.02007E+15,2020년 7월 29일 07시,수요일,부산광역시 금정구 부곡동,경상사고,0,0,1,1,차대사람 - 길가장자리구역통행중,안전운전불이행,건조,맑음,기타 - 기타,이륜,남,45세,부상신고,보행자,여,63세,경상
횡단보도외횡단중사고,2020072900100436,2020년 7월 29일 18시,수요일,부산광역시 남구 대연동,중상사고,0,1,0,0,차대사람 - 횡단중,신호위반,젖음/습기,비,교차로 - 교차로부근,원동기,남,22세,상해없음,보행자,여,58세,중상
횡단보도외횡단중사고,2020072900100493,2020년 7월 29일 20시,수요일,부산광역시 중구 남포동6가,중상사고,0,1,0,0,차대사람 - 횡단중,안전운전불이행,젖음/습기,비,단일로 - 기타,승용,남,66세,상해없음,보행자,남,79세,중상
횡단보도외횡단중사고,2020072900100494,2020년 7월 29일 20시,수요일,부산광역시 남구 대연동,경상사고,0,0,1,0,차대사람 - 기타,안전운전불이행,건조,맑음,단일로 - 기타,자전거,여,27세,상해없음,보행자,남,33세,경상
횡단보도외횡단중사고,2020072900100531,2020년 7월 29일 21시,수요일,부산광역시 부산진구 당감동,중상사고,0,1,0,0,차대사람 - 횡단중,안전운전불이행,건조,맑음,교차로 - 교차로안,승용,여,45세,상해없음,보행자,남,76세,중상
횡단보도외횡단중사고,2020073000100318,2020년 7월 30일 15시,목요일,부산광역시 남구 용호동,경상사고,0,0,1,0,차대사람 - 횡단중,안전운전불이행,건조,맑음,교차로 - 교차로안,승합,남,47세,상해없음,보행자,여,76세,경상
횡단보도외횡단중사고,2020080100100073,2020년 8월 1일 05시,토요일,부산광역시 부산진구 가야동,중상사고,0,1,0,0,차대사람 - 횡단중,안전운전불이행,건조,맑음,단일로 - 기타,승용,남,67세,상해없음,보행자,여,77세,중상
횡단보도외횡단중사고,2020080300100557,2020년 8월 3일 22시,월요일,부산광역시 동래구 수안동,중상사고,0,1,0,0,차대사람 - 횡단중,안전운전불이행,건조,맑음,단일로 - 기타,승합,남,40세,상해없음,보행자,남,41세,중상
횡단보도외횡단중사고,2020080400100337,2020년 8월 4일 16시,화요일,부산광역시 사하구 괴정동,경상사고,0,0,1,0,차대사람 - 횡단중,기타,건조,맑음,단일로 - 기타,승용,남,69세,상해없음,보행자,남,7세,경상
횡단보도외횡단중사고,2020080400100452,2020년 8월 4일 19시,화요일,부산광역시 동래구 사직동,중상사고,0,1,0,0,차대사람 - 횡단중,안전운전불이행,건조,흐림,단일로 - 기타,원동기,남,31세,상해없음,보행자,여,57세,중상
횡단보도외횡단중사고,2020080600100199,2020년 8월 6일 11시,목요일,부산광역시 동래구 안락동,부상신고사고,0,0,0,1,차대사람 - 횡단중,안전운전불이행,건조,맑음,단일로 - 기타,승용,남,60세,상해없음,보행자,남,15세,부상신고
횡단보도외횡단중사고,2020080800100003,2020년 8월 8일 00시,토요일,부산광역시 중구 동광동5가,중상사고,0,1,0,0,차대사람 - 횡단중,신호위반,젖음/습기,비,교차로 - 교차로안,이륜,남,38세,상해없음,보행자,남,53세,중상
횡단보도외횡단중사고,2020080800100252,2020년 8월 8일 13시,토요일,부산광역시 기장군 일광면,경상사고,0,0,1,0,차대사람 - 보도통행중,안전운전불이행,건조,맑음,단일로 - 기타,승용,남,54세,상해없음,보행자,남,6세,경상
횡단보도외횡단중사고,2020080900100102,2020년 8월 9일 09시,일요일,부산광역시 강서구 강동동,중상사고,0,1,0,0,차대사람 - 횡단중,안전운전불이행,건조,맑음,단일로 - 기타,승용,남,34세,상해없음,보행자,남,78세,중상
횡단보도외횡단중사고,2020080900100316,2020년 8월 9일 18시,일요일,부산광역시 영도구 청학동,중상사고,0,1,1,0,차대사람 - 기타,기타,젖음/습기,흐림,교차로 - 교차로안,이륜,남,64세,기타불명,보행자,여,57세,중상
횡단보도외횡단중사고,2020081100100061,2020년 8월 11일 05시,화요일,부산광역시 사상구 주례동,중상사고,0,1,0,0,차대사람 - 차도통행중,안전운전불이행,건조,맑음,교차로 - 교차로부근,기타불명,기타불명,미분류,기타불명,보행자,여,81세,중상
횡단보도외횡단중사고,2020081100100383,2020년 8월 11일 16시,화요일,부산광역시 북구 화명동,경상사고,0,0,1,0,차대사람 - 기타,기타,젖음/습기,비,교차로 - 교차로부근,승용,남,46세,상해없음,보행자,남,91세,경상
횡단보도외횡단중사고,2020081100100497,2020년 8월 11일 19시,화요일,부산광역시 해운대구 중동,경상사고,0,0,1,0,차대사람 - 횡단중,기타,젖음/습기,비,교차로 - 교차로안,승용,여,52세,상해없음,보행자,여,52세,경상
횡단보도외횡단중사고,2020081100100557,2020년 8월 11일 21시,화요일,부산광역시 해운대구 좌동,중상사고,0,1,0,0,차대사람 - 횡단중,보행자보호의무위반,건조,맑음,교차로 - 교차로횡단보도내,승용,여,48세,상해없음,보행자,여,48세,중상
횡단보도외횡단중사고,2020081200100583,2020년 8월 12일 22시,수요일,부산광역시 사상구 주례동,중상사고,0,1,0,0,차대사람 - 횡단중,안전운전불이행,건조,맑음,단일로 - 기타,승용,남,61세,상해없음,보행자,남,58세,중상
횡단보도외횡단중사고,2020081300100363,2020년 8월 13일 16시,목요일,부산광역시 서구 서대신동3가,중상사고,0,1,0,0,차대사람 - 차도통행중,안전운전불이행,건조,맑음,단일로 - 기타,승용,남,49세,상해없음,보행자,남,22세,중상
횡단보도외횡단중사고,2020081500100219,2020년 8월 15일 12시,토요일,부산광역시 부산진구 범전동,경상사고,0,0,1,0,차대사람 - 횡단중,안전운전불이행,건조,맑음,단일로 - 기타,승용,남,65세,상해없음,보행자,남,58세,경상
횡단보도외횡단중사고,2.02008E+15,2020년 8월 16일 14시,일요일,부산광역시 금정구 남산동,중상사고,0,1,0,0,차대사람 - 횡단중,보행자보호의무위반,건조,맑음,단일로 - 기타,원동기,남,30세,상해없음,보행자,여,87세,중상
횡단보도외횡단중사고,2020081700100051,2020년 8월 17일 07시,월요일,부산광역시 동래구 온천동,경상사고,0,0,1,0,차대사람 - 기타,안전운전불이행,건조,맑음,교차로 - 교차로부근,승용,남,63세,상해없음,보행자,여,23세,경상
횡단보도외횡단중사고,2020081900100436,2020년 8월 19일 17시,수요일,부산광역시 사상구 감전동,중상사고,0,1,0,0,차대사람 - 횡단중,안전운전불이행,건조,맑음,교차로 - 교차로안,승용,남,30세,상해없음,보행자,여,69세,중상
횡단보도외횡단중사고,2020081900100528,2020년 8월 19일 19시,수요일,부산광역시 영도구 대평동1가,중상사고,0,1,0,0,차대사람 - 기타,안전운전불이행,건조,맑음,단일로 - 기타,화물,남,62세,상해없음,보행자,여,61세,중상
횡단보도외횡단중사고,2.02008E+15,2020년 8월 20일 17시,목요일,부산광역시 해운대구 우동,경상사고,0,0,1,0,차대사람 - 횡단중,안전운전불이행,건조,맑음,교차로 - 교차로안,승용,남,63세,상해없음,보행자,남,72세,경상
횡단보도외횡단중사고,2020082000100431,2020년 8월 20일 17시,목요일,부산광역시 연제구 연산동,중상사고,0,1,0,0,차대사람 - 기타,안전운전불이행,건조,맑음,단일로 - 기타,화물,남,51세,상해없음,보행자,남,74세,중상
횡단보도외횡단중사고,2020082000100475,2020년 8월 20일 18시,목요일,부산광역시 북구 덕천동,경상사고,0,0,1,0,차대사람 - 횡단중,신호위반,건조,맑음,단일로 - 지하차도(도로)내,이륜,남,45세,상해없음,보행자,여,73세,경상
횡단보도외횡단중사고,2020082200100166,2020년 8월 22일 10시,토요일,부산광역시 서구 암남동,중상사고,0,1,0,0,차대사람 - 횡단중,안전운전불이행,건조,맑음,단일로 - 기타,화물,남,64세,상해없음,보행자,여,16세,중상
횡단보도외횡단중사고,2020082400100047,2020년 8월 24일 06시,월요일,부산광역시 수영구 망미동,경상사고,0,0,1,0,차대사람 - 횡단중,과속,건조,맑음,교차로 - 교차로횡단보도내,승용,남,68세,상해없음,보행자,남,18세,경상
횡단보도외횡단중사고,2020082500100525,2020년 8월 25일 19시,화요일,부산광역시 동래구 안락동,중상사고,0,1,0,0,차대사람 - 기타,안전운전불이행,건조,맑음,교차로 - 교차로안,승용,여,28세,상해없음,보행자,여,72세,중상
횡단보도외횡단중사고,2020082500100658,2020년 8월 25일 23시,화요일,부산광역시 남구 대연동,중상사고,0,1,0,0,차대사람 - 기타,안전운전불이행,건조,맑음,교차로 - 교차로안,승합,남,45세,상해없음,보행자,여,22세,중상
횡단보도외횡단중사고,2020082600100514,2020년 8월 26일 22시,수요일,부산광역시 부산진구 가야동,경상사고,0,0,1,1,차대사람 - 횡단중,안전운전불이행,건조,맑음,단일로 - 기타,이륜,남,32세,부상신고,보행자,남,63세,경상
횡단보도외횡단중사고,2020082800100017,2020년 8월 28일 01시,금요일,부산광역시 수영구 광안동,중상사고,0,1,0,0,차대사람 - 기타,안전운전불이행,건조,흐림,단일로 - 기타,승용,여,22세,상해없음,보행자,여,25세,중상
횡단보도외횡단중사고,2020082900100415,2020년 8월 29일 18시,토요일,부산광역시 영도구 청학동,경상사고,0,0,1,0,차대사람 - 횡단중,안전운전불이행,건조,맑음,교차로 - 교차로안,승용,남,68세,상해없음,보행자,여,69세,경상
횡단보도외횡단중사고,2020083000100284,2020년 8월 30일 17시,일요일,부산광역시 북구 만덕동,중상사고,0,1,0,0,차대사람 - 횡단중,안전운전불이행,건조,맑음,단일로 - 지하차도(도로)내,승용,남,56세,상해없음,보행자,여,54세,중상
횡단보도외횡단중사고,2.02008E+15,2020년 8월 31일 23시,월요일,부산광역시 중구 보수동1가,중상사고,0,1,0,0,차대사람 - 횡단중,안전운전불이행,건조,맑음,교차로 - 교차로안,승용,남,41세,상해없음,보행자,남,65세,중상
횡단보도외횡단중사고,2020090100100278,2020년 9월 1일 15시,화요일,부산광역시 서구 서대신동3가,중상사고,0,1,0,0,차대사람 - 차도통행중,안전운전불이행,건조,맑음,교차로 - 교차로안,승용,여,36세,상해없음,보행자,여,43세,중상
횡단보도외횡단중사고,2020090200100273,2020년 9월 2일 16시,수요일,부산광역시 금정구 구서동,경상사고,0,0,1,0,차대사람 - 기타,안전운전불이행,젖음/습기,비,교차로 - 교차로안,화물,여,55세,상해없음,보행자,남,50세,경상
횡단보도외횡단중사고,2020090200100274,2020년 9월 2일 16시,수요일,부산광역시 연제구 거제동,중상사고,0,1,0,0,차대사람 - 횡단중,안전운전불이행,젖음/습기,맑음,단일로 - 기타,승용,남,45세,상해없음,보행자,남,8세,중상
횡단보도외횡단중사고,2020090500100115,2020년 9월 5일 10시,토요일,부산광역시 금정구 서동,경상사고,0,0,1,0,차대사람 - 횡단중,안전운전불이행,젖음/습기,비,교차로 - 교차로안,승용,여,55세,상해없음,보행자,남,66세,경상
횡단보도외횡단중사고,2020090600100003,2020년 9월 6일 00시,일요일,부산광역시 중구 대청동3가,중상사고,0,1,0,0,차대사람 - 횡단중,안전운전불이행,젖음/습기,비,단일로 - 기타,승용,남,66세,상해없음,보행자,남,64세,중상
횡단보도외횡단중사고,2020090700100443,2020년 9월 7일 19시,월요일,부산광역시 해운대구 재송동,중상사고,0,1,0,0,차대사람 - 기타,안전운전불이행,건조,맑음,단일로 - 기타,승용,남,27세,상해없음,보행자,남,65세,중상
횡단보도외횡단중사고,2020090800100264,2020년 9월 8일 13시,화요일,부산광역시 해운대구 재송동,중상사고,0,1,0,0,차대사람 - 횡단중,안전운전불이행,건조,맑음,교차로 - 교차로안,승용,여,47세,상해없음,보행자,여,66세,중상