사고부문,사고번호,사고일시,요일,시군구,사고내용,사망자수,중상자수,경상자수,부상신고자수,사고유형,법규위반,노면상태,기상상태,도로형태,가해운전자 차종,가해운전자 성별,가해운전자 연령,가해운전자 상해정도,피해운전자 차종,피해운전자 성별,피해운전자 연령,피해운전자 상해정도
횡단보도외횡단중사고,2020112400100518,2020년 11월 24일 19시,화요일,부산광역시 중구 신창동4가,중상사고,0,1,0,0,차대사람 - 횡단중,안전운전불이행,건조,맑음,단일로 - 기타,이륜,남,48세,상해없음,보행자,여,68세,중상
횡단보도외횡단중사고,2020112600100096,2020년 11월 26일 08시,목요일,부산광역시 사하구 다대동,중상사고,0,1,0,0,차대사람 - 보도통행중,안전운전불이행,건조,맑음,단일로 - 기타,이륜,남,66세,상해없음,보행자,남,68세,중상
횡단보도외횡단중사고,2020112600100243,2020년 11월 26일 13시,목요일,부산광역시 금정구 서동,중상사고,0,1,0,0,차대사람 - 길가장자리구역통행중,안전운전불이행,건조,맑음,교차로 - 교차로안,승용,남,67세,상해없음,보행자,여,81세,중상
횡단보도외횡단중사고,2020112800100218,2020년 11월 28일 13시,토요일,부산광역시 사하구 감천동,중상사고,0,1,0,0,차대사람 - 횡단중,기타,건조,맑음,단일로 - 기타,승용,여,48세,상해없음,보행자,여,7세,중상
횡단보도외횡단중사고,2.02011E+15,2020년 11월 28일 16시,토요일,부산광역시 부산진구 부전동,경상사고,0,0,1,0,차대사람 - 횡단중,안전운전불이행,건조,맑음,단일로 - 기타,승용,남,28세,상해없음,보행자,남,25세,경상
횡단보도외횡단중사고,2020112800100418,2020년 11월 28일 18시,토요일,부산광역시 사하구 신평동,중상사고,0,1,0,0,차대사람 - 기타,안전운전불이행,건조,맑음,교차로 - 교차로안,승용,남,62세,상해없음,보행자,남,41세,중상
횡단보도외횡단중사고,2020120100100131,2020년 12월 1일 09시,화요일,부산광역시 남구 대연동,중상사고,0,1,0,0,차대사람 - 횡단중,안전운전불이행,건조,맑음,단일로 - 기타,승용,남,21세,상해없음,보행자,여,68세,중상
횡단보도외횡단중사고,2020120100100573,2020년 12월 1일 20시,화요일,부산광역시 수영구 망미동,중상사고,0,1,0,0,차대사람 - 횡단중,보행자보호의무위반,건조,맑음,교차로 - 교차로부근,승용,여,23세,상해없음,보행자,여,66세,중상
횡단보도외횡단중사고,2020120200100275,2020년 12월 2일 15시,수요일,부산광역시 부산진구 당감동,경상사고,0,0,1,0,차대사람 - 기타,안전운전불이행,건조,맑음,단일로 - 기타,화물,남,54세,상해없음,보행자,남,80세,경상
횡단보도외횡단중사고,2020120200100397,2020년 12월 2일 18시,수요일,부산광역시 부산진구 부암동,중상사고,0,1,0,0,차대사람 - 횡단중,안전운전불이행,건조,맑음,단일로 - 기타,이륜,남,58세,상해없음,보행자,여,78세,중상
횡단보도외횡단중사고,2020120400100403,2020년 12월 4일 17시,금요일,부산광역시 수영구 광안동,경상사고,0,0,1,0,차대사람 - 기타,안전운전불이행,건조,맑음,교차로 - 교차로부근,승용,여,46세,상해없음,보행자,여,53세,경상
횡단보도외횡단중사고,2020120500100103,2020년 12월 5일 10시,토요일,부산광역시 사상구 괘법동,경상사고,0,0,1,0,차대사람 - 기타,안전운전불이행,건조,맑음,교차로 - 교차로안,승용,남,31세,상해없음,보행자,여,63세,경상
횡단보도외횡단중사고,2020120600100335,2020년 12월 6일 19시,일요일,부산광역시 사하구 괴정동,중상사고,0,1,0,0,차대사람 - 기타,안전운전불이행,건조,맑음,교차로 - 교차로부근,승용,남,29세,상해없음,보행자,남,86세,중상
횡단보도외횡단중사고,2020120700100344,2020년 12월 7일 17시,월요일,부산광역시 사상구 괘법동,경상사고,0,0,1,0,차대사람 - 기타,안전운전불이행,건조,맑음,교차로 - 교차로부근,승용,남,51세,상해없음,보행자,남,51세,경상
횡단보도외횡단중사고,2020120800100235,2020년 12월 8일 13시,화요일,부산광역시 북구 덕천동,경상사고,0,0,1,0,차대사람 - 횡단중,안전운전불이행,건조,맑음,교차로 - 교차로안,승용,여,47세,상해없음,보행자,여,54세,경상
횡단보도외횡단중사고,2020120800100236,2020년 12월 8일 13시,화요일,부산광역시 부산진구 범천동,중상사고,0,1,0,0,차대사람 - 차도통행중,안전운전불이행,건조,맑음,단일로 - 기타,승용,남,61세,상해없음,보행자,여,66세,중상
횡단보도외횡단중사고,2020121000100131,2020년 12월 10일 11시,목요일,부산광역시 동구 초량동,중상사고,0,1,0,0,차대사람 - 차도통행중,보행자보호의무위반,건조,맑음,단일로 - 기타,화물,남,65세,상해없음,보행자,남,50세,중상
횡단보도외횡단중사고,2020121100100274,2020년 12월 11일 15시,금요일,부산광역시 부산진구 부전동,중상사고,0,1,0,0,차대사람 - 횡단중,안전운전불이행,건조,맑음,단일로 - 기타,화물,남,56세,상해없음,보행자,여,76세,중상
횡단보도외횡단중사고,2020121200100116,2020년 12월 12일 11시,토요일,부산광역시 수영구 수영동,경상사고,0,0,1,0,차대사람 - 기타,안전운전불이행,건조,맑음,단일로 - 기타,원동기,남,52세,상해없음,보행자,남,27세,경상
횡단보도외횡단중사고,2020121200100399,2020년 12월 12일 19시,토요일,부산광역시 남구 우암동,중상사고,0,1,1,0,차대사람 - 기타,안전운전불이행,건조,맑음,단일로 - 기타,승용,남,74세,상해없음,보행자,여,5세,경상
횡단보도외횡단중사고,2020121600100169,2020년 12월 16일 12시,수요일,부산광역시 동래구 사직동,중상사고,0,1,0,0,차대사람 - 횡단중,안전운전불이행,건조,맑음,단일로 - 기타,원동기,남,28세,상해없음,보행자,남,61세,중상
횡단보도외횡단중사고,2.02012E+15,2020년 12월 16일 12시,수요일,부산광역시 연제구 연산동,중상사고,0,1,1,0,차대사람 - 기타,안전운전불이행,건조,맑음,단일로 - 기타,원동기,남,24세,경상,보행자,남,27세,중상
횡단보도외횡단중사고,2020121600100376,2020년 12월 16일 18시,수요일,부산광역시 동구 수정동,중상사고,0,1,0,0,차대사람 - 길가장자리구역통행중,안전운전불이행,건조,맑음,교차로 - 교차로안,이륜,남,17세,상해없음,보행자,여,58세,중상
횡단보도외횡단중사고,2020121700100075,2020년 12월 17일 08시,목요일,부산광역시 남구 대연동,중상사고,0,1,0,0,차대사람 - 기타,안전운전불이행,건조,맑음,교차로 - 교차로부근,승용,남,64세,상해없음,보행자,남,66세,중상
횡단보도외횡단중사고,2020121900100294,2020년 12월 19일 16시,토요일,부산광역시 사상구 주례동,경상사고,0,0,1,0,차대사람 - 횡단중,안전운전불이행,건조,맑음,단일로 - 기타,승용,남,51세,상해없음,보행자,여,91세,경상
횡단보도외횡단중사고,2020121900100328,2020년 12월 19일 17시,토요일,부산광역시 영도구 봉래동2가,중상사고,0,1,0,0,차대사람 - 기타,중앙선침범,건조,맑음,교차로 - 교차로부근,승용,남,58세,상해없음,보행자,여,42세,중상
횡단보도외횡단중사고,2020121900100437,2020년 12월 19일 19시,토요일,부산광역시 연제구 거제동,중상사고,0,1,0,0,차대사람 - 차도통행중,안전운전불이행,건조,맑음,단일로 - 기타,승용,남,41세,상해없음,보행자,여,78세,중상
횡단보도외횡단중사고,2020122000100107,2020년 12월 20일 13시,일요일,부산광역시 수영구 남천동,경상사고,0,0,1,0,차대사람 - 횡단중,보행자보호의무위반,건조,맑음,단일로 - 터널,승용,여,80세,상해없음,보행자,여,53세,경상
횡단보도외횡단중사고,2020122100100255,2020년 12월 21일 13시,월요일,부산광역시 동구 초량동,경상사고,0,0,1,0,차대사람 - 차도통행중,안전운전불이행,건조,맑음,교차로 - 교차로안,승용,남,51세,상해없음,보행자,여,72세,경상
횡단보도외횡단중사고,2.02012E+15,2020년 12월 21일 17시,월요일,부산광역시 부산진구 범천동,중상사고,0,1,0,0,차대사람 - 횡단중,안전운전불이행,건조,맑음,단일로 - 기타,화물,남,48세,상해없음,보행자,여,75세,중상
횡단보도외횡단중사고,2020122100100448,2020년 12월 21일 18시,월요일,부산광역시 해운대구 반여동,경상사고,0,0,1,0,차대사람 - 횡단중,안전운전불이행,건조,맑음,교차로 - 교차로부근,승용,남,64세,상해없음,보행자,여,66세,경상
횡단보도외횡단중사고,2020122200100021,2020년 12월 22일 05시,화요일,부산광역시 부산진구 초읍동,중상사고,0,1,0,0,차대사람 - 횡단중,안전운전불이행,건조,맑음,교차로 - 교차로부근,승용,남,26세,상해없음,보행자,여,40세,중상
횡단보도외횡단중사고,2020122300100201,2020년 12월 23일 12시,수요일,부산광역시 연제구 연산동,사망사고,1,0,0,0,차대사람 - 횡단중,안전운전불이행,건조,맑음,교차로 - 교차로부근,화물,남,60세,상해없음,보행자,남,72세,사망
횡단보도외횡단중사고,2020122300100259,2020년 12월 23일 14시,수요일,부산광역시 동래구 온천동,경상사고,0,0,1,0,차대사람 - 기타,안전운전불이행,건조,맑음,단일로 - 기타,승합,남,43세,상해없음,보행자,남,81세,경상
횡단보도외횡단중사고,2020122800100277,2020년 12월 28일 14시,월요일,부산광역시 동구 수정동,중상사고,0,1,0,0,차대사람 - 기타,안전운전불이행,건조,맑음,교차로 - 교차로안,승용,남,59세,상해없음,보행자,남,71세,중상
횡단보도외횡단중사고,2020122800100278,2020년 12월 28일 14시,월요일,부산광역시 사하구 하단동,중상사고,0,1,0,0,차대사람 - 기타,신호위반,건조,맑음,교차로 - 교차로부근,이륜,남,30세,상해없음,보행자,여,57세,중상
횡단보도외횡단중사고,2020122800100384,2020년 12월 28일 17시,월요일,부산광역시 동래구 수안동,중상사고,0,1,0,0,차대사람 - 차도통행중,안전운전불이행,건조,맑음,교차로 - 교차로안,승용,여,59세,기타불명,보행자,여,66세,중상
횡단보도외횡단중사고,2020122800100558,2020년 12월 28일 23시,월요일,부산광역시 중구 보수동1가,중상사고,0,1,0,0,차대사람 - 횡단중,안전운전불이행,건조,맑음,단일로 - 기타,이륜,남,41세,상해없음,보행자,여,85세,중상
횡단보도외횡단중사고,2020123000100328,2020년 12월 30일 17시,수요일,부산광역시 금정구 서동,경상사고,0,0,1,0,차대사람 - 기타,안전운전불이행,건조,맑음,단일로 - 기타,승용,남,46세,상해없음,보행자,남,18세,경상
횡단보도외횡단중사고,2020123100100322,2020년 12월 31일 17시,목요일,부산광역시 부산진구 양정동,중상사고,0,1,0,0,차대사람 - 횡단중,안전운전불이행,건조,맑음,단일로 - 기타,승용,여,38세,상해없음,보행자,남,9세,중상
횡단보도외횡단중사고,2021010200100012,2021년 1월 2일 02시,토요일,부산광역시 사하구 감천동,중상사고,0,1,0,0,차대사람 - 횡단중,기타,건조,맑음,단일로 - 기타,승용,남,34세,상해없음,보행자,남,17세,중상
횡단보도외횡단중사고,2021010200100388,2021년 1월 2일 21시,토요일,부산광역시 부산진구 양정동,부상신고사고,0,0,0,1,차대사람 - 횡단중,안전운전불이행,건조,맑음,교차로 - 교차로안,승용,남,28세,상해없음,보행자,남,75세,부상신고
횡단보도외횡단중사고,2.02101E+15,2021년 1월 3일 21시,일요일,부산광역시 수영구 광안동,경상사고,0,0,1,0,차대사람 - 횡단중,신호위반,건조,맑음,교차로 - 교차로안,이륜,남,21세,상해없음,보행자,남,27세,경상
횡단보도외횡단중사고,2021010400100204,2021년 1월 4일 15시,월요일,부산광역시 동래구 명륜동,경상사고,0,0,1,0,차대사람 - 기타,안전운전불이행,건조,맑음,단일로 - 기타,승용,남,49세,상해없음,보행자,남,31세,경상
횡단보도외횡단중사고,2021010400100341,2021년 1월 4일 19시,월요일,부산광역시 영도구 신선동3가,중상사고,0,1,0,0,차대사람 - 기타,안전운전불이행,건조,맑음,단일로 - 기타,이륜,남,21세,상해없음,보행자,남,80세,중상
횡단보도외횡단중사고,2021010600100492,2021년 1월 6일 21시,수요일,부산광역시 기장군 철마면,중상사고,0,1,0,0,차대사람 - 차도통행중,안전운전불이행,건조,맑음,단일로 - 기타,승용,여,49세,상해없음,보행자,남,21세,중상
횡단보도외횡단중사고,2021010700100215,2021년 1월 7일 14시,목요일,부산광역시 해운대구 반여동,경상사고,0,0,1,0,차대사람 - 기타,안전운전불이행,건조,맑음,단일로 - 기타,승용,여,57세,상해없음,보행자,여,19세,경상
횡단보도외횡단중사고,2021010700100341,2021년 1월 7일 20시,목요일,부산광역시 사상구 감전동,중상사고,0,1,0,0,차대사람 - 기타,안전운전불이행,건조,맑음,교차로 - 교차로안,승용,남,37세,상해없음,보행자,남,40세,중상
횡단보도외횡단중사고,2021010800100431,2021년 1월 8일 20시,금요일,부산광역시 연제구 연산동,경상사고,0,0,1,0,차대사람 - 횡단중,안전운전불이행,건조,맑음,교차로 - 교차로부근,승용,남,27세,상해없음,보행자,여,50세,경상
횡단보도외횡단중사고,2021010900100341,2021년 1월 9일 18시,토요일,부산광역시 기장군 철마면,경상사고,0,0,1,0,차대사람 - 횡단중,신호위반,건조,맑음,단일로 - 기타,이륜,남,44세,상해없음,보행자,여,49세,경상
횡단보도외횡단중사고,2021011000100265,2021년 1월 10일 19시,일요일,부산광역시 서구 서대신동1가,부상신고사고,0,0,0,1,차대사람 - 횡단중,안전운전불이행,건조,맑음,교차로 - 교차로안,승용,남,64세,상해없음,보행자,남,39세,부상신고
횡단보도외횡단중사고,2021011100100001,2021년 1월 11일 00시,월요일,부산광역시 영도구 동삼동,중상사고,0,1,0,0,차대사람 - 횡단중,안전운전불이행,건조,맑음,교차로 - 교차로안,화물,남,48세,상해없음,보행자,여,43세,중상
횡단보도외횡단중사고,2021011100100014,2021년 1월 11일 06시,월요일,부산광역시 사하구 감천동,경상사고,0,0,1,0,차대사람 - 횡단중,안전운전불이행,건조,맑음,단일로 - 기타,승용,남,73세,상해없음,보행자,남,76세,경상
횡단보도외횡단중사고,2.02101E+15,2021년 1월 11일 07시,월요일,부산광역시 서구 서대신동3가,중상사고,0,1,0,0,차대사람 - 횡단중,안전운전불이행,건조,맑음,교차로 - 교차로부근,승용,남,49세,상해없음,보행자,여,70세,중상
횡단보도외횡단중사고,2021011300100492,2021년 1월 13일 22시,수요일,부산광역시 해운대구 반여동,중상사고,0,1,0,0,차대사람 - 횡단중,안전운전불이행,건조,맑음,단일로 - 기타,승용,남,33세,상해없음,보행자,남,64세,중상
횡단보도외횡단중사고,2021011400100153,2021년 1월 14일 10시,목요일,부산광역시 사상구 삼락동,경상사고,0,0,1,0,차대사람 - 횡단중,안전운전불이행,건조,맑음,단일로 - 기타,화물,남,64세,상해없음,보행자,남,38세,경상
횡단보도외횡단중사고,2021011400100499,2021년 1월 14일 19시,목요일,부산광역시 연제구 연산동,중상사고,0,1,0,0,차대사람 - 횡단중,신호위반,건조,맑음,단일로 - 기타,이륜,남,24세,상해없음,보행자,여,53세,중상
횡단보도외횡단중사고,2021011500100595,2021년 1월 15일 22시,금요일,부산광역시 사상구 괘법동,중상사고,0,1,0,0,차대사람 - 횡단중,안전운전불이행,건조,맑음,단일로 - 기타,승용,남,36세,상해없음,보행자,여,72세,중상
횡단보도외횡단중사고,2021011600100421,2021년 1월 16일 21시,토요일,부산광역시 기장군 기장읍,경상사고,0,0,2,0,차대사람 - 차도통행중,중앙선침범,건조,맑음,교차로 - 교차로부근,승용,여,58세,상해없음,보행자,남,26세,경상
횡단보도외횡단중사고,2021011800100018,2021년 1월 18일 06시,월요일,부산광역시 동구 수정동,경상사고,0,0,1,0,차대사람 - 횡단중,안전운전불이행,건조,맑음,교차로 - 교차로안,승합,남,48세,상해없음,보행자,여,67세,경상
횡단보도외횡단중사고,2021011800100184,2021년 1월 18일 14시,월요일,부산광역시 해운대구 송정동,중상사고,0,1,0,0,차대사람 - 기타,안전운전불이행,건조,맑음,단일로 - 기타,승합,남,78세,상해없음,보행자,여,58세,중상
횡단보도외횡단중사고,2021011800100357,2021년 1월 18일 19시,월요일,부산광역시 금정구 장전동,경상사고,0,0,1,0,차대사람 - 횡단중,안전운전불이행,건조,맑음,교차로 - 교차로안,승용,남,58세,상해없음,보행자,여,30세,경상
횡단보도외횡단중사고,2021011900100044,2021년 1월 19일 07시,화요일,부산광역시 금정구 구서동,부상신고사고,0,0,0,1,차대사람 - 기타,안전운전불이행,건조,맑음,교차로 - 교차로안,승용,여,61세,상해없음,보행자,남,26세,부상신고
횡단보도외횡단중사고,2021011900100414,2021년 1월 19일 18시,화요일,부산광역시 사상구 덕포동,중상사고,0,1,0,0,차대사람 - 차도통행중,안전운전불이행,건조,맑음,단일로 - 지하차도(도로)내,이륜,남,22세,상해없음,보행자,남,58세,중상
횡단보도외횡단중사고,2021012100100235,2021년 1월 21일 13시,목요일,부산광역시 기장군 기장읍,중상사고,0,1,0,0,차대사람 - 기타,안전운전불이행,건조,맑음,교차로 - 교차로안,승용,여,66세,상해없음,보행자,남,33세,중상
횡단보도외횡단중사고,2021012100100387,2021년 1월 21일 18시,목요일,부산광역시 동구 범일동,사망사고,1,0,0,0,차대사람 - 횡단중,안전운전불이행,젖음/습기,비,단일로 - 기타,승합,남,56세,상해없음,보행자,남,69세,사망
횡단보도외횡단중사고,2021012200100159,2021년 1월 22일 12시,금요일,부산광역시 강서구 명지동,중상사고,0,1,0,0,차대사람 - 기타,안전운전불이행,젖음/습기,비,단일로 - 기타,승용,여,40세,상해없음,보행자,여,48세,중상
횡단보도외횡단중사고,2021012200100568,2021년 1월 22일 22시,금요일,부산광역시 사상구 괘법동,경상사고,0,0,1,0,차대사람 - 기타,안전운전불이행,건조,맑음,단일로 - 기타,승용,남,61세,상해없음,보행자,남,34세,경상
횡단보도외횡단중사고,2021012400100293,2021년 1월 24일 20시,일요일,부산광역시 금정구 서동,중상사고,0,1,0,0,차대사람 - 횡단중,안전운전불이행,건조,맑음,교차로 - 교차로안,승용,남,68세,상해없음,보행자,남,61세,중상
횡단보도외횡단중사고,2021012500100096,2021년 1월 25일 09시,월요일,부산광역시 사하구 감천동,중상사고,0,1,0,0,차대차 - 기타,안전운전불이행,건조,맑음,단일로 - 기타,이륜,남,66세,상해없음,화물,남,45세,상해없음
횡단보도외횡단중사고,2021012500100411,2021년 1월 25일 18시,월요일,부산광역시 부산진구 전포동,경상사고,0,0,1,0,차대사람 - 횡단중,안전운전불이행,건조,맑음,교차로 - 교차로안,승용,남,38세,상해없음,보행자,여,27세,경상
횡단보도외횡단중사고,2021012500100413,2021년 1월 25일 18시,월요일,부산광역시 부산진구 부암동,경상사고,0,0,1,0,차대사람 - 기타,안전운전불이행,건조,맑음,단일로 - 기타,기타불명,기타불명,미분류,기타불명,보행자,남,14세,경상
횡단보도외횡단중사고,2021012600100173,2021년 1월 26일 11시,화요일,부산광역시 해운대구 우동,경상사고,0,0,1,0,차대사람 - 횡단중,안전운전불이행,젖음/습기,비,교차로 - 교차로부근,승용,남,67세,상해없음,보행자,여,20세,경상
횡단보도외횡단중사고,2021012700100061,2021년 1월 27일 08시,수요일,부산광역시 서구 동대신동3가,경상사고,0,0,1,0,차대사람 - 횡단중,안전운전불이행,건조,맑음,교차로 - 교차로부근,승용,남,75세,상해없음,보행자,여,66세,경상
횡단보도외횡단중사고,2021012700100291,2021년 1월 27일 16시,수요일,부산광역시 부산진구 당감동,경상사고,0,0,1,0,차대사람 - 차도통행중,안전운전불이행,건조,맑음,단일로 - 기타,승용,여,58세,상해없음,보행자,여,79세,경상
횡단보도외횡단중사고,2021012700100413,2021년 1월 27일 19시,수요일,부산광역시 동래구 온천동,경상사고,0,0,1,0,차대사람 - 횡단중,안전운전불이행,건조,맑음,교차로 - 교차로부근,승용,여,53세,상해없음,보행자,여,51세,경상
횡단보도외횡단중사고,2021013000100495,2021년 1월 30일 21시,토요일,부산광역시 동구 수정동,중상사고,0,1,0,0,차대사람 - 횡단중,안전운전불이행,건조,맑음,단일로 - 기타,승용,남,37세,상해없음,보행자,남,59세,중상
횡단보도외횡단중사고,2021013100100295,2021년 1월 31일 19시,일요일,부산광역시 금정구 장전동,중상사고,0,1,0,0,차대사람 - 횡단중,안전운전불이행,건조,맑음,교차로 - 교차로부근,승용,남,46세,상해없음,보행자,남,69세,중상
횡단보도외횡단중사고,2021020100100024,2021년 2월 1일 06시,월요일,부산광역시 동래구 명륜동,경상사고,0,0,1,0,차대사람 - 기타,교차로운행방법위반,젖음/습기,비,교차로 - 교차로안,승용,남,49세,상해없음,보행자,남,61세,경상
횡단보도외횡단중사고,2021020200100255,2021년 2월 2일 15시,화요일,부산광역시 해운대구 재송동,중상사고,0,1,0,0,차대사람 - 횡단중,안전운전불이행,건조,맑음,단일로 - 기타,승용,남,44세,상해없음,보행자,여,66세,중상
횡단보도외횡단중사고,2021020200100454,2021년 2월 2일 21시,화요일,부산광역시 사하구 하단동,경상사고,0,0,1,0,차대사람 - 기타,안전운전불이행,건조,맑음,교차로 - 교차로부근,승용,남,31세,상해없음,보행자,여,51세,경상
횡단보도외횡단중사고,2021020300100113,2021년 2월 3일 10시,수요일,부산광역시 영도구 동삼동,중상사고,0,1,0,0,차대사람 - 횡단중,안전운전불이행,건조,맑음,단일로 - 기타,승용,여,45세,상해없음,보행자,여,83세,중상
횡단보도외횡단중사고,2021020400100493,2021년 2월 4일 19시,목요일,부산광역시 동래구 사직동,중상사고,0,1,0,0,차대사람 - 기타,교차로운행방법위반,건조,맑음,교차로 - 교차로안,승용,여,39세,상해없음,보행자,여,80세,중상
횡단보도외횡단중사고,2021020500100427,2021년 2월 5일 18시,금요일,부산광역시 사상구 덕포동,경상사고,0,0,1,0,차대사람 - 횡단중,안전운전불이행,건조,맑음,단일로 - 기타,이륜,남,33세,상해없음,보행자,여,59세,경상
횡단보도외횡단중사고,2021020700100149,2021년 2월 7일 14시,일요일,부산광역시 동구 수정동,중상사고,0,1,0,0,차대사람 - 횡단중,안전운전불이행,건조,맑음,단일로 - 기타,승용,남,39세,상해없음,보행자,여,68세,중상
횡단보도외횡단중사고,2021020800100172,2021년 2월 8일 11시,월요일,부산광역시 부산진구 개금동,중상사고,0,1,0,0,차대사람 - 횡단중,안전운전불이행,건조,맑음,단일로 - 기타,승용,여,60세,상해없음,보행자,여,73세,중상
횡단보도외횡단중사고,2021020800100512,2021년 2월 8일 19시,월요일,부산광역시 부산진구 전포동,경상사고,0,0,1,0,차대사람 - 기타,안전운전불이행,건조,맑음,단일로 - 기타,승용,남,27세,상해없음,보행자,남,43세,경상
횡단보도외횡단중사고,2021020800100593,2021년 2월 8일 21시,월요일,부산광역시 부산진구 부전동,중상사고,0,1,0,0,차대사람 - 횡단중,안전운전불이행,건조,맑음,교차로 - 교차로안,승용,남,23세,상해없음,보행자,남,62세,중상
횡단보도외횡단중사고,2021020800100595,2021년 2월 8일 21시,월요일,부산광역시 사상구 학장동,중상사고,0,1,0,0,차대사람 - 차도통행중,안전운전불이행,건조,맑음,교차로 - 교차로안,이륜,남,22세,상해없음,보행자,남,40세,중상
횡단보도외횡단중사고,2021020800100628,2021년 2월 8일 22시,월요일,부산광역시 부산진구 전포동,경상사고,0,0,1,0,차대사람 - 차도통행중,안전운전불이행,건조,맑음,단일로 - 기타,승용,남,58세,상해없음,보행자,여,36세,경상
횡단보도외횡단중사고,2.02102E+15,2021년 2월 9일 20시,화요일,부산광역시 사상구 주례동,경상사고,0,0,1,0,차대사람 - 횡단중,안전운전불이행,건조,맑음,단일로 - 기타,승용,남,65세,상해없음,보행자,여,61세,경상
횡단보도외횡단중사고,2021021000100252,2021년 2월 10일 13시,수요일,부산광역시 부산진구 개금동,중상사고,0,1,0,0,차대사람 - 횡단중,안전운전불이행,건조,맑음,단일로 - 기타,화물,남,31세,상해없음,보행자,남,90세,중상
횡단보도외횡단중사고,2021021000100546,2021년 2월 10일 19시,수요일,부산광역시 북구 화명동,중상사고,0,1,0,0,차대사람 - 횡단중,안전운전불이행,건조,맑음,단일로 - 기타,이륜,남,43세,상해없음,보행자,남,42세,중상
횡단보도외횡단중사고,2021021100100268,2021년 2월 11일 19시,목요일,부산광역시 사상구 모라동,중상사고,0,1,0,0,차대사람 - 횡단중,안전운전불이행,건조,맑음,교차로 - 교차로안,승용,남,78세,상해없음,보행자,남,62세,중상
횡단보도외횡단중사고,2021021200100211,2021년 2월 12일 19시,금요일,부산광역시 서구 충무동1가,중상사고,0,1,0,0,차대사람 - 횡단중,안전운전불이행,건조,맑음,단일로 - 기타,승용,남,38세,상해없음,보행자,남,73세,중상
횡단보도외횡단중사고,2021021200100214,2021년 2월 12일 19시,금요일,부산광역시 금정구 부곡동,중상사고,0,1,0,0,차대사람 - 횡단중,안전운전불이행,건조,맑음,교차로 - 교차로부근,승용,여,45세,상해없음,보행자,남,81세,중상
횡단보도외횡단중사고,2021021300100099,2021년 2월 13일 13시,토요일,부산광역시 수영구 민락동,중상사고,0,1,0,0,차대사람 - 횡단중,중앙선침범,건조,맑음,단일로 - 기타,이륜,남,28세,상해없음,보행자,여,36세,중상
횡단보도외횡단중사고,2.02102E+15,2021년 2월 13일 13시,토요일,부산광역시 북구 덕천동,경상사고,0,0,1,0,차대사람 - 차도통행중,안전운전불이행,건조,맑음,교차로 - 교차로안,승용,남,68세,상해없음,보행자,남,37세,경상
횡단보도외횡단중사고,2.02102E+15,2021년 2월 14일 19시,일요일,부산광역시 부산진구 부암동,중상사고,0,1,0,0,차대사람 - 기타,안전운전불이행,젖음/습기,비,교차로 - 교차로안,이륜,남,24세,상해없음,보행자,남,78세,중상
횡단보도외횡단중사고,2021021500100167,2021년 2월 15일 13시,월요일,부산광역시 부산진구 부암동,경상사고,0,0,1,0,차대사람 - 기타,안전운전불이행,건조,맑음,교차로 - 교차로안,화물,남,58세,상해없음,보행자,남,40세,경상
횡단보도외횡단중사고,2021021800100312,2021년 2월 18일 16시,목요일,부산광역시 금정구 남산동,중상사고,0,1,0,0,차대사람 - 횡단중,안전운전불이행,건조,맑음,교차로 - 교차로안,승용,남,35세,상해없음,보행자,여,44세,중상
횡단보도외횡단중사고,2021021900100291,2021년 2월 19일 14시,금요일,부산광역시 서구 충무동1가,중상사고,0,1,0,0,차대사람 - 횡단중,안전운전불이행,건조,맑음,교차로 - 교차로부근,승용,남,70세,상해없음,보행자,여,80세,중상
횡단보도외횡단중사고,2021021900100484,2021년 2월 19일 18시,금요일,부산광역시 해운대구 반송동,중상사고,0,1,0,0,차대사람 - 횡단중,안전운전불이행,건조,맑음,단일로 - 기타,승용,남,44세,상해없음,보행자,남,60세,중상
횡단보도외횡단중사고,2021021900100547,2021년 2월 19일 19시,금요일,부산광역시 부산진구 범전동,중상사고,0,1,0,0,차대사람 - 차도통행중,안전운전불이행,건조,맑음,단일로 - 기타,승용,여,41세,상해없음,보행자,남,54세,중상
횡단보도외횡단중사고,2021022200100531,2021년 2월 22일 21시,월요일,부산광역시 부산진구 부전동,경상사고,0,0,1,0,차대사람 - 횡단중,안전운전불이행,건조,맑음,기타 - 기타,승용,여,22세,상해없음,보행자,여,42세,경상
횡단보도외횡단중사고,2021022300100069,2021년 2월 23일 08시,화요일,부산광역시 금정구 구서동,경상사고,0,0,1,0,차대사람 - 횡단중,보행자보호의무위반,건조,맑음,교차로 - 교차로안,승용,여,34세,상해없음,보행자,여,50세,경상
횡단보도외횡단중사고,2021022300100412,2021년 2월 23일 18시,화요일,부산광역시 부산진구 부전동,중상사고,0,1,1,0,차대사람 - 횡단중,안전운전불이행,건조,맑음,단일로 - 기타,이륜,남,37세,상해없음,보행자,여,34세,경상
횡단보도외횡단중사고,2.02102E+15,2021년 2월 24일 17시,수요일,부산광역시 동래구 명장동,경상사고,0,0,1,0,차대사람 - 횡단중,안전운전불이행,건조,맑음,단일로 - 기타,승용,남,65세,기타불명,보행자,남,19세,경상