사고부문,사고번호,사고일시,요일,시군구,사고내용,사망자수,중상자수,경상자수,부상신고자수,사고유형,법규위반,노면상태,기상상태,도로형태,가해운전자 차종,가해운전자 성별,가해운전자 연령,가해운전자 상해정도,피해운전자 차종,피해운전자 성별,피해운전자 연령,피해운전자 상해정도
횡단보도외횡단중사고,2.02102E+15,2021년 2월 24일 20시,수요일,부산광역시 동래구 온천동,중상사고,0,1,0,0,차대사람 - 기타,안전운전불이행,건조,맑음,교차로 - 교차로부근,이륜,남,40세,상해없음,보행자,여,52세,중상
횡단보도외횡단중사고,2021022500100346,2021년 2월 25일 18시,목요일,부산광역시 금정구 서동,중상사고,0,1,0,0,차대사람 - 횡단중,보행자보호의무위반,젖음/습기,비,교차로 - 교차로안,승용,여,53세,상해없음,보행자,여,64세,중상
횡단보도외횡단중사고,2021022500100437,2021년 2월 25일 20시,목요일,부산광역시 연제구 연산동,경상사고,0,0,2,0,차대사람 - 기타,안전운전불이행,젖음/습기,비,단일로 - 기타,승용,여,53세,상해없음,보행자,남,39세,경상
횡단보도외횡단중사고,2021022600100342,2021년 2월 26일 16시,금요일,부산광역시 남구 대연동,경상사고,0,0,1,0,차대사람 - 횡단중,안전운전불이행,건조,맑음,교차로 - 교차로횡단보도내,화물,남,45세,상해없음,보행자,남,29세,경상
횡단보도외횡단중사고,2021022700100244,2021년 2월 27일 14시,토요일,부산광역시 금정구 부곡동,중상사고,0,1,0,0,차대사람 - 횡단중,보행자보호의무위반,건조,맑음,단일로 - 기타,승용,여,50세,상해없음,보행자,여,84세,중상
횡단보도외횡단중사고,2021022800100005,2021년 2월 28일 00시,일요일,부산광역시 동구 범일동,경상사고,0,0,1,0,차대사람 - 차도통행중,안전운전불이행,건조,맑음,단일로 - 기타,승용,남,59세,상해없음,보행자,남,51세,경상
횡단보도외횡단중사고,2021022800100015,2021년 2월 28일 01시,일요일,부산광역시 사하구 하단동,중상사고,0,1,0,0,차대사람 - 기타,안전운전불이행,건조,맑음,단일로 - 기타,승용,남,65세,상해없음,보행자,여,77세,중상
횡단보도외횡단중사고,2021022800100088,2021년 2월 28일 11시,일요일,부산광역시 사하구 감천동,경상사고,0,0,1,0,차대사람 - 기타,안전운전불이행,건조,맑음,단일로 - 기타,승용,여,30세,상해없음,보행자,여,26세,경상
횡단보도외횡단중사고,2021030100100449,2021년 3월 1일 23시,월요일,부산광역시 동래구 칠산동,중상사고,0,1,0,0,차대사람 - 횡단중,안전운전불이행,젖음/습기,비,단일로 - 기타,승용,남,50세,상해없음,보행자,남,64세,중상
횡단보도외횡단중사고,2021030200100012,2021년 3월 2일 01시,화요일,부산광역시 연제구 연산동,중상사고,0,1,0,0,차대사람 - 횡단중,안전운전불이행,젖음/습기,비,단일로 - 기타,승용,남,34세,상해없음,보행자,여,72세,중상
횡단보도외횡단중사고,2021030200100235,2021년 3월 2일 14시,화요일,부산광역시 남구 문현동,중상사고,0,1,0,0,차대사람 - 보도통행중,안전운전불이행,건조,맑음,교차로 - 교차로안,화물,남,44세,상해없음,보행자,여,59세,중상
횡단보도외횡단중사고,2.02103E+15,2021년 3월 2일 22시,화요일,부산광역시 해운대구 좌동,부상신고사고,0,0,0,1,차대사람 - 횡단중,안전운전불이행,건조,맑음,단일로 - 기타,기타불명,기타불명,미분류,기타불명,보행자,남,59세,부상신고
횡단보도외횡단중사고,2021030300100025,2021년 3월 3일 05시,수요일,부산광역시 중구 부평동1가,중상사고,0,1,0,0,차대사람 - 횡단중,안전운전불이행,건조,맑음,단일로 - 기타,화물,남,60세,상해없음,보행자,남,73세,중상
횡단보도외횡단중사고,2021030300100081,2021년 3월 3일 08시,수요일,부산광역시 부산진구 부전동,중상사고,0,1,0,1,차대사람 - 횡단중,안전운전불이행,건조,맑음,단일로 - 기타,이륜,남,30세,부상신고,보행자,여,18세,중상
횡단보도외횡단중사고,2021030400100279,2021년 3월 4일 16시,목요일,부산광역시 부산진구 당감동,경상사고,0,0,2,0,차대사람 - 기타,안전운전불이행,건조,맑음,교차로 - 교차로횡단보도내,화물,남,55세,상해없음,보행자,남,61세,경상
횡단보도외횡단중사고,2021030500100033,2021년 3월 5일 05시,금요일,부산광역시 사하구 감천동,중상사고,0,1,0,0,차대사람 - 기타,안전운전불이행,젖음/습기,비,단일로 - 기타,승용,남,64세,상해없음,보행자,남,54세,중상
횡단보도외횡단중사고,2021030500100512,2021년 3월 5일 20시,금요일,부산광역시 사하구 감천동,중상사고,0,1,0,0,차대사람 - 차도통행중,중앙선침범,건조,맑음,단일로 - 기타,승용,남,40세,상해없음,보행자,남,80세,중상
횡단보도외횡단중사고,2021030600100159,2021년 3월 6일 12시,토요일,부산광역시 해운대구 반여동,중상사고,0,1,0,0,차대차 - 기타,신호위반,건조,맑음,단일로 - 기타,이륜,남,50세,상해없음,승용,남,41세,상해없음
횡단보도외횡단중사고,2021030600100257,2021년 3월 6일 15시,토요일,부산광역시 수영구 광안동,중상사고,0,1,0,0,차대사람 - 횡단중,안전운전불이행,건조,맑음,교차로 - 교차로안,승용,여,40세,상해없음,보행자,여,76세,중상
횡단보도외횡단중사고,2021030800100027,2021년 3월 8일 06시,월요일,부산광역시 금정구 두구동,경상사고,0,0,1,0,차대사람 - 횡단중,안전운전불이행,젖음/습기,흐림,교차로 - 교차로부근,승용,남,37세,상해없음,보행자,남,75세,경상
횡단보도외횡단중사고,2021030800100078,2021년 3월 8일 08시,월요일,부산광역시 해운대구 우동,중상사고,0,1,0,0,차대사람 - 횡단중,안전운전불이행,건조,맑음,단일로 - 기타,승용,여,47세,상해없음,보행자,여,16세,중상
횡단보도외횡단중사고,2.02103E+15,2021년 3월 8일 10시,월요일,부산광역시 연제구 거제동,경상사고,0,0,1,0,차대사람 - 횡단중,안전운전불이행,건조,맑음,교차로 - 교차로안,승용,남,36세,상해없음,보행자,남,48세,경상
횡단보도외횡단중사고,2021030900100114,2021년 3월 9일 10시,화요일,부산광역시 서구 서대신동2가,중상사고,0,1,0,0,차대사람 - 횡단중,안전운전불이행,건조,맑음,교차로 - 교차로부근,승용,여,48세,상해없음,보행자,여,74세,중상
횡단보도외횡단중사고,2021031000100466,2021년 3월 10일 19시,수요일,부산광역시 금정구 서동,중상사고,0,1,0,0,차대사람 - 차도통행중,안전운전불이행,건조,맑음,단일로 - 기타,원동기,남,18세,상해없음,보행자,남,59세,중상
횡단보도외횡단중사고,2021031100100461,2021년 3월 11일 20시,목요일,부산광역시 연제구 연산동,부상신고사고,0,0,0,1,차대사람 - 횡단중,안전운전불이행,건조,맑음,교차로 - 교차로부근,승합,남,66세,상해없음,보행자,남,37세,부상신고
횡단보도외횡단중사고,2021031100100462,2021년 3월 11일 20시,목요일,부산광역시 연제구 거제동,중상사고,0,1,0,0,차대사람 - 차도통행중,교차로운행방법위반,건조,맑음,교차로 - 교차로안,승용,여,44세,기타불명,보행자,여,52세,중상
횡단보도외횡단중사고,2021031200100058,2021년 3월 12일 08시,금요일,부산광역시 부산진구 초읍동,경상사고,0,0,1,0,차대사람 - 차도통행중,안전운전불이행,젖음/습기,비,단일로 - 기타,승용,남,38세,상해없음,보행자,여,23세,경상
횡단보도외횡단중사고,2021031200100277,2021년 3월 12일 15시,금요일,부산광역시 수영구 광안동,중상사고,0,1,0,0,차대사람 - 기타,안전운전불이행,젖음/습기,비,교차로 - 교차로안,승용,남,46세,상해없음,보행자,여,70세,중상
횡단보도외횡단중사고,2.02103E+15,2021년 3월 12일 20시,금요일,부산광역시 북구 화명동,중상사고,0,1,0,0,차대사람 - 횡단중,교차로운행방법위반,건조,맑음,교차로 - 교차로부근,승용,남,52세,상해없음,보행자,남,36세,중상
횡단보도외횡단중사고,2021031500100174,2021년 3월 15일 11시,월요일,부산광역시 동구 초량동,중상사고,0,1,0,0,차대사람 - 길가장자리구역통행중,안전운전불이행,건조,맑음,교차로 - 교차로안,승용,남,62세,상해없음,보행자,여,66세,중상
횡단보도외횡단중사고,2021031600100064,2021년 3월 16일 07시,화요일,부산광역시 서구 충무동1가,중상사고,0,1,0,0,차대사람 - 횡단중,안전운전불이행,건조,맑음,단일로 - 기타,자전거,남,61세,상해없음,보행자,여,74세,중상
횡단보도외횡단중사고,2021031600100093,2021년 3월 16일 08시,화요일,부산광역시 서구 서대신동2가,경상사고,0,0,1,0,차대사람 - 횡단중,안전운전불이행,젖음/습기,맑음,단일로 - 기타,승용,남,80세,상해없음,보행자,남,14세,경상
횡단보도외횡단중사고,2.02103E+15,2021년 3월 16일 18시,화요일,부산광역시 금정구 서동,중상사고,0,1,0,0,차대사람 - 횡단중,안전운전불이행,건조,맑음,교차로 - 교차로안,승용,남,61세,상해없음,보행자,여,79세,중상
횡단보도외횡단중사고,2.02103E+15,2021년 3월 16일 23시,화요일,부산광역시 부산진구 부전동,경상사고,0,0,1,0,차대사람 - 길가장자리구역통행중,안전운전불이행,건조,맑음,단일로 - 기타,승용,남,63세,상해없음,보행자,남,25세,경상
횡단보도외횡단중사고,2021031700100485,2021년 3월 17일 20시,수요일,부산광역시 중구 남포동5가,사망사고,1,0,0,0,차대사람 - 횡단중,안전운전불이행,건조,맑음,단일로 - 지하차도(도로)내,승용,남,74세,상해없음,보행자,여,66세,사망
횡단보도외횡단중사고,2021031800100084,2021년 3월 18일 08시,목요일,부산광역시 남구 문현동,중상사고,0,1,0,0,차대사람 - 횡단중,안전운전불이행,건조,맑음,교차로 - 교차로부근,승용,여,52세,상해없음,보행자,여,19세,중상
횡단보도외횡단중사고,2.02103E+15,2021년 3월 19일 18시,금요일,부산광역시 금정구 남산동,중상사고,0,1,0,0,차대사람 - 횡단중,안전운전불이행,건조,맑음,단일로 - 기타,이륜,남,30세,상해없음,보행자,남,73세,중상
횡단보도외횡단중사고,2021032100100091,2021년 3월 21일 11시,일요일,부산광역시 사상구 덕포동,중상사고,0,1,0,0,차대사람 - 기타,안전운전불이행,건조,맑음,단일로 - 기타,승용,남,63세,상해없음,보행자,여,55세,중상
횡단보도외횡단중사고,2021032200100151,2021년 3월 22일 10시,월요일,부산광역시 연제구 거제동,중상사고,0,1,0,0,차대사람 - 횡단중,신호위반,건조,맑음,단일로 - 기타,승용,여,52세,상해없음,보행자,남,65세,중상
횡단보도외횡단중사고,2021032400100159,2021년 3월 24일 10시,수요일,부산광역시 부산진구 범천동,중상사고,0,1,0,0,차대사람 - 기타,안전운전불이행,건조,맑음,교차로 - 교차로안,화물,남,61세,상해없음,보행자,여,66세,중상
횡단보도외횡단중사고,2021032500100103,2021년 3월 25일 09시,목요일,부산광역시 사하구 하단동,중상사고,0,1,0,0,차대사람 - 기타,안전운전불이행,건조,맑음,단일로 - 지하차도(도로)내,승용,여,60세,상해없음,보행자,여,41세,중상
횡단보도외횡단중사고,2021032500100385,2021년 3월 25일 17시,목요일,부산광역시 부산진구 당감동,중상사고,0,1,0,0,차대사람 - 차도통행중,신호위반,건조,맑음,교차로 - 교차로부근,이륜,남,29세,상해없음,보행자,여,67세,중상
횡단보도외횡단중사고,2021032500100513,2021년 3월 25일 20시,목요일,부산광역시 부산진구 당감동,경상사고,0,0,1,0,차대사람 - 차도통행중,안전운전불이행,건조,맑음,교차로 - 교차로부근,이륜,남,17세,상해없음,보행자,남,8세,경상
횡단보도외횡단중사고,2021032600100405,2021년 3월 26일 17시,금요일,부산광역시 금정구 부곡동,경상사고,0,0,1,0,차대사람 - 횡단중,보행자보호의무위반,건조,맑음,단일로 - 기타,승용,남,63세,상해없음,보행자,여,11세,경상
횡단보도외횡단중사고,2021032600100575,2021년 3월 26일 21시,금요일,부산광역시 연제구 거제동,중상사고,0,1,0,0,차대사람 - 차도통행중,안전운전불이행,건조,맑음,단일로 - 기타,화물,남,64세,상해없음,보행자,남,52세,중상
횡단보도외횡단중사고,2021032800100331,2021년 3월 28일 18시,일요일,부산광역시 기장군 일광면,경상사고,0,0,1,0,차대사람 - 횡단중,안전운전불이행,건조,맑음,단일로 - 기타,이륜,남,21세,상해없음,보행자,남,62세,경상
횡단보도외횡단중사고,2021032900100545,2021년 3월 29일 21시,월요일,부산광역시 사상구 학장동,경상사고,0,0,1,0,차대사람 - 횡단중,신호위반,건조,맑음,교차로 - 교차로부근,승합,남,54세,상해없음,보행자,여,38세,경상
횡단보도외횡단중사고,2021033000100093,2021년 3월 30일 08시,화요일,부산광역시 사하구 장림동,경상사고,0,0,1,0,차대사람 - 횡단중,안전운전불이행,건조,맑음,교차로 - 교차로안,승합,남,60세,상해없음,보행자,여,17세,경상
횡단보도외횡단중사고,2021033000100264,2021년 3월 30일 13시,화요일,부산광역시 부산진구 초읍동,중상사고,0,1,0,0,차대사람 - 차도통행중,안전운전불이행,건조,맑음,교차로 - 교차로안,화물,남,71세,상해없음,보행자,남,88세,중상
횡단보도외횡단중사고,2021033000100411,2021년 3월 30일 17시,화요일,부산광역시 동구 초량동,중상사고,0,1,0,0,차대사람 - 기타,안전운전불이행,건조,맑음,교차로 - 교차로안,화물,남,38세,상해없음,보행자,남,63세,중상
횡단보도외횡단중사고,2021033100100552,2021년 3월 31일 21시,수요일,부산광역시 북구 화명동,중상사고,0,1,0,0,차대사람 - 횡단중,안전운전불이행,건조,맑음,단일로 - 기타,승용,여,50세,상해없음,보행자,남,56세,중상
횡단보도외횡단중사고,2021040100100457,2021년 4월 1일 18시,목요일,부산광역시 금정구 구서동,경상사고,0,0,1,0,차대사람 - 기타,안전운전불이행,건조,맑음,교차로 - 교차로안,승용,여,46세,상해없음,보행자,여,26세,경상
횡단보도외횡단중사고,2021040300100218,2021년 4월 3일 13시,토요일,부산광역시 해운대구 좌동,경상사고,0,0,1,0,차대사람 - 횡단중,안전운전불이행,젖음/습기,비,단일로 - 기타,승용,남,52세,상해없음,보행자,여,77세,경상
횡단보도외횡단중사고,2021040300100331,2021년 4월 3일 16시,토요일,부산광역시 수영구 광안동,경상사고,0,0,1,0,차대사람 - 기타,안전운전불이행,건조,맑음,단일로 - 기타,승용,여,47세,상해없음,보행자,여,76세,경상
횡단보도외횡단중사고,2021040300100565,2021년 4월 3일 22시,토요일,부산광역시 사상구 삼락동,경상사고,0,0,1,0,차대사람 - 기타,안전운전불이행,젖음/습기,비,단일로 - 교량,승용,남,22세,상해없음,보행자,남,70세,경상
횡단보도외횡단중사고,2021040500100061,2021년 4월 5일 07시,월요일,부산광역시 강서구 송정동,중상사고,0,1,0,0,차대사람 - 기타,안전운전불이행,건조,맑음,교차로 - 교차로안,승용,여,41세,상해없음,보행자,남,45세,중상
횡단보도외횡단중사고,2021040500100271,2021년 4월 5일 13시,월요일,부산광역시 영도구 동삼동,중상사고,0,1,0,0,차대사람 - 횡단중,안전운전불이행,건조,맑음,단일로 - 기타,승합,남,41세,상해없음,보행자,남,50세,중상
횡단보도외횡단중사고,2021040500100358,2021년 4월 5일 15시,월요일,부산광역시 금정구 남산동,경상사고,0,0,1,0,차대사람 - 횡단중,안전운전불이행,건조,맑음,단일로 - 기타,승용,남,58세,상해없음,보행자,남,13세,경상
횡단보도외횡단중사고,2021040700100313,2021년 4월 7일 15시,수요일,부산광역시 동래구 낙민동,경상사고,0,0,1,0,차대사람 - 횡단중,안전운전불이행,건조,맑음,교차로 - 교차로안,승용,남,68세,상해없음,보행자,남,74세,경상
횡단보도외횡단중사고,2021040700100402,2021년 4월 7일 17시,수요일,부산광역시 부산진구 부전동,중상사고,0,1,0,0,차대사람 - 횡단중,안전운전불이행,건조,맑음,단일로 - 기타,승용,남,65세,상해없음,보행자,여,61세,중상
횡단보도외횡단중사고,2021040800100467,2021년 4월 8일 18시,목요일,부산광역시 부산진구 양정동,중상사고,0,1,0,0,차대사람 - 기타,안전운전불이행,건조,맑음,단일로 - 기타,승용,여,29세,상해없음,보행자,남,79세,중상
횡단보도외횡단중사고,2021040900100553,2021년 4월 9일 20시,금요일,부산광역시 부산진구 개금동,중상사고,0,1,0,0,차대사람 - 횡단중,안전운전불이행,건조,맑음,단일로 - 기타,이륜,남,21세,상해없음,보행자,여,78세,중상
횡단보도외횡단중사고,2021041000100046,2021년 4월 10일 07시,토요일,부산광역시 연제구 연산동,경상사고,0,0,1,0,차대사람 - 차도통행중,안전운전불이행,건조,맑음,단일로 - 기타,승용,남,58세,상해없음,보행자,남,80세,경상
횡단보도외횡단중사고,2021041100100458,2021년 4월 11일 21시,일요일,부산광역시 북구 화명동,중상사고,0,1,0,0,차대사람 - 차도통행중,안전운전불이행,건조,맑음,교차로 - 교차로부근,승용,남,66세,상해없음,보행자,남,20세,중상
횡단보도외횡단중사고,2021041200100195,2021년 4월 12일 12시,월요일,부산광역시 수영구 광안동,경상사고,0,0,1,0,차대사람 - 기타,안전운전불이행,건조,맑음,단일로 - 기타,승용,여,69세,상해없음,보행자,남,47세,경상
횡단보도외횡단중사고,2021041200100381,2021년 4월 12일 17시,월요일,부산광역시 부산진구 범천동,중상사고,0,1,0,0,차대사람 - 횡단중,중앙선침범,젖음/습기,비,교차로 - 교차로부근,승용,여,50세,상해없음,보행자,여,59세,중상
횡단보도외횡단중사고,2021041200100457,2021년 4월 12일 19시,월요일,부산광역시 사상구 엄궁동,경상사고,0,0,1,0,차대사람 - 횡단중,안전운전불이행,젖음/습기,흐림,교차로 - 교차로부근,승용,남,29세,상해없음,보행자,여,57세,경상
횡단보도외횡단중사고,2021041200100631,2021년 4월 12일 23시,월요일,부산광역시 중구 영주동,중상사고,0,2,0,0,차대사람 - 횡단중,안전운전불이행,젖음/습기,비,단일로 - 기타,승용,여,43세,상해없음,보행자,남,51세,중상
횡단보도외횡단중사고,2021041300100183,2021년 4월 13일 11시,화요일,부산광역시 수영구 망미동,경상사고,0,0,1,0,차대사람 - 횡단중,안전운전불이행,건조,맑음,단일로 - 기타,화물,남,48세,상해없음,보행자,남,83세,경상
횡단보도외횡단중사고,2021041300100592,2021년 4월 13일 22시,화요일,부산광역시 중구 대청동2가,중상사고,0,1,0,0,차대사람 - 횡단중,안전운전불이행,건조,맑음,단일로 - 기타,승용,남,59세,상해없음,보행자,여,51세,중상
횡단보도외횡단중사고,2021041400100065,2021년 4월 14일 08시,수요일,부산광역시 사상구 학장동,경상사고,0,0,1,0,차대사람 - 기타,안전운전불이행,건조,맑음,교차로 - 교차로부근,화물,남,65세,상해없음,보행자,여,52세,경상
횡단보도외횡단중사고,2021041500100071,2021년 4월 15일 08시,목요일,부산광역시 서구 아미동2가,중상사고,0,1,0,0,차대사람 - 횡단중,신호위반,건조,맑음,교차로 - 교차로횡단보도내,화물,남,31세,상해없음,보행자,남,86세,중상
횡단보도외횡단중사고,2021041500100557,2021년 4월 15일 21시,목요일,부산광역시 동래구 안락동,경상사고,0,0,1,0,차대사람 - 횡단중,안전운전불이행,건조,맑음,기타 - 기타,승용,여,28세,상해없음,보행자,남,52세,경상
횡단보도외횡단중사고,2021041500100615,2021년 4월 15일 23시,목요일,부산광역시 연제구 연산동,중상사고,0,1,0,0,차대사람 - 횡단중,안전운전불이행,건조,맑음,단일로 - 기타,이륜,남,24세,기타불명,보행자,남,63세,중상
횡단보도외횡단중사고,2.02104E+15,2021년 4월 16일 05시,금요일,부산광역시 서구 동대신동2가,경상사고,0,0,1,0,차대사람 - 길가장자리구역통행중,신호위반,건조,맑음,교차로 - 교차로부근,화물,남,64세,상해없음,보행자,여,70세,경상
횡단보도외횡단중사고,2021041600100137,2021년 4월 16일 10시,금요일,부산광역시 서구 토성동3가,중상사고,0,1,0,0,차대사람 - 횡단중,중앙선침범,건조,맑음,단일로 - 기타,승용,여,61세,상해없음,보행자,남,74세,중상
횡단보도외횡단중사고,2.02104E+15,2021년 4월 16일 12시,금요일,부산광역시 북구 만덕동,중상사고,0,1,0,0,차대사람 - 기타,안전운전불이행,건조,맑음,단일로 - 기타,승용,남,70세,상해없음,보행자,여,78세,중상
횡단보도외횡단중사고,2021041700100481,2021년 4월 17일 19시,토요일,부산광역시 동래구 명장동,경상사고,0,0,1,0,차대사람 - 기타,교차로운행방법위반,건조,맑음,교차로 - 교차로안,승합,남,52세,상해없음,보행자,여,47세,경상
횡단보도외횡단중사고,2021041700100516,2021년 4월 17일 20시,토요일,부산광역시 사상구 모라동,중상사고,0,1,0,0,차대사람 - 기타,안전운전불이행,건조,맑음,기타 - 기타,승용,남,23세,상해없음,보행자,여,85세,중상
횡단보도외횡단중사고,2021042000100045,2021년 4월 20일 07시,화요일,부산광역시 동래구 온천동,중상사고,0,1,0,0,차대사람 - 횡단중,안전운전불이행,건조,맑음,교차로 - 교차로안,승용,남,47세,상해없음,보행자,남,79세,중상
횡단보도외횡단중사고,2.02104E+15,2021년 4월 20일 15시,화요일,부산광역시 중구 부평동1가,중상사고,0,1,0,0,차대사람 - 횡단중,안전운전불이행,건조,맑음,교차로 - 교차로부근,승용,남,65세,상해없음,보행자,여,78세,중상
횡단보도외횡단중사고,2021042100100152,2021년 4월 21일 10시,수요일,부산광역시 수영구 광안동,경상사고,0,0,1,0,차대사람 - 횡단중,안전운전불이행,건조,맑음,단일로 - 기타,승용,남,69세,상해없음,보행자,여,79세,경상
횡단보도외횡단중사고,2021042300100428,2021년 4월 23일 17시,금요일,부산광역시 중구 남포동3가,경상사고,0,0,1,0,차대사람 - 횡단중,안전운전불이행,건조,맑음,단일로 - 기타,이륜,남,16세,상해없음,보행자,남,23세,경상
횡단보도외횡단중사고,2021042400100159,2021년 4월 24일 11시,토요일,부산광역시 연제구 연산동,중상사고,0,1,0,0,차대사람 - 기타,안전운전불이행,건조,맑음,단일로 - 기타,이륜,남,27세,상해없음,보행자,여,58세,중상
횡단보도외횡단중사고,2021042600100369,2021년 4월 26일 16시,월요일,부산광역시 사상구 감전동,중상사고,0,1,0,0,차대사람 - 횡단중,안전운전불이행,건조,맑음,단일로 - 기타,승용,남,71세,상해없음,보행자,여,81세,중상
횡단보도외횡단중사고,2021042700100162,2021년 4월 27일 11시,화요일,부산광역시 연제구 연산동,중상사고,0,1,0,0,차대사람 - 기타,안전운전불이행,건조,맑음,단일로 - 기타,원동기,남,26세,상해없음,보행자,여,79세,중상
횡단보도외횡단중사고,2021042700100367,2021년 4월 27일 17시,화요일,부산광역시 동래구 온천동,경상사고,0,0,1,0,차대사람 - 차도통행중,안전운전불이행,건조,맑음,교차로 - 교차로안,이륜,남,60세,상해없음,보행자,여,81세,경상
횡단보도외횡단중사고,2021042700100494,2021년 4월 27일 20시,화요일,부산광역시 사하구 괴정동,경상사고,0,0,1,0,차대사람 - 기타,안전운전불이행,건조,맑음,단일로 - 기타,승용,남,61세,상해없음,보행자,여,38세,경상
횡단보도외횡단중사고,2021042700100578,2021년 4월 27일 23시,화요일,부산광역시 부산진구 부전동,중상사고,0,1,0,0,차대사람 - 횡단중,안전운전불이행,건조,맑음,단일로 - 기타,이륜,남,24세,상해없음,보행자,여,38세,중상
횡단보도외횡단중사고,2021043000100523,2021년 4월 30일 19시,금요일,부산광역시 사상구 엄궁동,경상사고,0,0,2,0,차대사람 - 기타,안전운전불이행,건조,맑음,교차로 - 교차로부근,이륜,남,47세,상해없음,보행자,여,73세,경상
횡단보도외횡단중사고,2021050100100459,2021년 5월 1일 20시,토요일,부산광역시 수영구 광안동,중상사고,0,1,0,0,차대사람 - 횡단중,안전운전불이행,건조,맑음,단일로 - 기타,이륜,남,31세,상해없음,보행자,여,16세,중상
횡단보도외횡단중사고,2.02105E+15,2021년 5월 1일 20시,토요일,부산광역시 금정구 부곡동,경상사고,0,0,1,0,차대사람 - 횡단중,안전운전불이행,건조,맑음,교차로 - 교차로부근,승용,여,34세,상해없음,보행자,여,71세,경상
횡단보도외횡단중사고,2.02105E+15,2021년 5월 2일 20시,일요일,부산광역시 남구 대연동,중상사고,0,1,0,0,차대차 - 기타,안전운전불이행,건조,맑음,단일로 - 기타,승용,남,29세,상해없음,승용,남,70세,상해없음
횡단보도외횡단중사고,2021050300100629,2021년 5월 3일 22시,월요일,부산광역시 금정구 서동,중상사고,0,1,0,0,차대사람 - 횡단중,안전운전불이행,건조,맑음,단일로 - 기타,승용,남,48세,기타불명,보행자,남,55세,중상
횡단보도외횡단중사고,2021050400100249,2021년 5월 4일 14시,화요일,부산광역시 사하구 감천동,경상사고,0,0,1,0,차대사람 - 기타,안전운전불이행,건조,맑음,단일로 - 기타,승합,남,46세,상해없음,보행자,여,8세,경상
횡단보도외횡단중사고,2021050400100472,2021년 5월 4일 19시,화요일,부산광역시 기장군 정관읍,중상사고,0,1,0,0,차대사람 - 횡단중,안전운전불이행,젖음/습기,비,교차로 - 교차로안,승용,남,29세,상해없음,보행자,남,31세,중상
횡단보도외횡단중사고,2021050400100593,2021년 5월 4일 21시,화요일,부산광역시 사하구 감천동,중상사고,0,1,0,0,차대사람 - 횡단중,안전운전불이행,젖음/습기,비,단일로 - 기타,승용,남,21세,상해없음,보행자,여,65세,중상
횡단보도외횡단중사고,2.02105E+15,2021년 5월 5일 12시,수요일,부산광역시 기장군 기장읍,경상사고,0,0,1,0,차대사람 - 횡단중,안전운전불이행,건조,맑음,교차로 - 교차로부근,승용,여,63세,상해없음,보행자,남,71세,경상
횡단보도외횡단중사고,2.02105E+15,2021년 5월 6일 21시,목요일,부산광역시 사하구 감천동,경상사고,0,0,1,0,차대사람 - 차도통행중,안전운전불이행,건조,흐림,단일로 - 지하차도(도로)내,이륜,남,27세,상해없음,보행자,남,68세,경상
횡단보도외횡단중사고,2021050700100194,2021년 5월 7일 12시,금요일,부산광역시 금정구 금사동,경상사고,0,0,1,0,차대사람 - 기타,안전운전불이행,건조,맑음,단일로 - 기타,승용,남,46세,상해없음,보행자,남,36세,경상
횡단보도외횡단중사고,2021050700100382,2021년 5월 7일 17시,금요일,부산광역시 중구 보수동1가,경상사고,0,0,1,0,차대사람 - 횡단중,안전운전불이행,건조,맑음,단일로 - 기타,승용,여,23세,상해없음,보행자,여,22세,경상
횡단보도외횡단중사고,2021050700100384,2021년 5월 7일 17시,금요일,부산광역시 금정구 서동,경상사고,0,0,2,0,차대사람 - 기타,안전운전불이행,건조,맑음,단일로 - 기타,이륜,남,26세,경상,보행자,남,74세,경상
횡단보도외횡단중사고,2021050700100617,2021년 5월 7일 23시,금요일,부산광역시 연제구 연산동,중상사고,0,1,0,0,차대사람 - 횡단중,안전운전불이행,건조,맑음,교차로 - 교차로부근,승용,남,55세,상해없음,보행자,남,55세,중상
횡단보도외횡단중사고,2021050800100521,2021년 5월 8일 19시,토요일,부산광역시 해운대구 반여동,경상사고,0,0,1,1,차대사람 - 차도통행중,안전운전불이행,건조,맑음,단일로 - 기타,이륜,남,22세,부상신고,보행자,남,47세,경상
횡단보도외횡단중사고,2021050900100473,2021년 5월 9일 21시,일요일,부산광역시 기장군 일광면,경상사고,0,0,1,0,차대사람 - 차도통행중,안전운전불이행,건조,맑음,교차로 - 교차로안,승용,남,28세,상해없음,보행자,남,39세,경상
횡단보도외횡단중사고,2021051000100289,2021년 5월 10일 15시,월요일,부산광역시 동래구 명장동,중상사고,0,1,0,0,차대사람 - 기타,안전운전불이행,건조,맑음,교차로 - 교차로안,승용,여,40세,상해없음,보행자,남,8세,중상
횡단보도외횡단중사고,2021051100100533,2021년 5월 11일 19시,화요일,부산광역시 사하구 신평동,경상사고,0,0,1,0,차대사람 - 차도통행중,안전운전불이행,건조,맑음,단일로 - 기타,승용,남,38세,상해없음,보행자,여,56세,경상
횡단보도외횡단중사고,2021051100100602,2021년 5월 11일 21시,화요일,부산광역시 남구 용호동,중상사고,0,1,0,0,차대사람 - 기타,안전운전불이행,건조,맑음,교차로 - 교차로안,승합,남,67세,상해없음,보행자,남,75세,중상
횡단보도외횡단중사고,2021051200100112,2021년 5월 12일 09시,수요일,부산광역시 사하구 하단동,중상사고,0,1,0,0,차대사람 - 횡단중,안전운전불이행,건조,맑음,단일로 - 기타,승용,남,75세,상해없음,보행자,여,73세,중상