사고부문,사고번호,사고일시,요일,시군구,사고내용,사망자수,중상자수,경상자수,부상신고자수,사고유형,법규위반,노면상태,기상상태,도로형태,가해운전자 차종,가해운전자 성별,가해운전자 연령,가해운전자 상해정도,피해운전자 차종,피해운전자 성별,피해운전자 연령,피해운전자 상해정도
횡단보도외횡단중사고,2021051200100277,2021년 5월 12일 14시,수요일,부산광역시 해운대구 반여동,경상사고,0,0,1,0,차대사람 - 횡단중,안전운전불이행,건조,맑음,교차로 - 교차로부근,승용,남,74세,상해없음,보행자,남,29세,경상
횡단보도외횡단중사고,2021051400100707,2021년 5월 14일 23시,금요일,부산광역시 부산진구 부전동,경상사고,0,0,1,0,차대사람 - 차도통행중,신호위반,건조,맑음,기타 - 기타,승용,남,47세,상해없음,보행자,남,31세,경상
횡단보도외횡단중사고,2021051500100236,2021년 5월 15일 13시,토요일,부산광역시 해운대구 우동,경상사고,0,0,1,0,차대사람 - 횡단중,신호위반,젖음/습기,비,교차로 - 교차로부근,승용,남,50세,상해없음,보행자,여,25세,경상
횡단보도외횡단중사고,2021051500100389,2021년 5월 15일 17시,토요일,부산광역시 사상구 주례동,중상사고,0,1,0,0,차대사람 - 기타,안전운전불이행,건조,맑음,단일로 - 기타,승용,여,31세,기타불명,보행자,여,19세,중상
횡단보도외횡단중사고,2021051600100113,2021년 5월 16일 11시,일요일,부산광역시 중구 영주동,중상사고,0,1,0,0,차대사람 - 보도통행중,안전운전불이행,건조,맑음,단일로 - 지하차도(도로)내,승용,남,43세,상해없음,보행자,여,55세,중상
횡단보도외횡단중사고,2021051600100135,2021년 5월 16일 12시,일요일,부산광역시 강서구 강동동,사망사고,1,0,0,0,차대사람 - 기타,신호위반,젖음/습기,비,교차로 - 교차로부근,화물,남,62세,기타불명,보행자,남,23세,사망
횡단보도외횡단중사고,2021051800100025,2021년 5월 18일 04시,화요일,부산광역시 중구 광복동1가,중상사고,0,1,0,0,차대사람 - 횡단중,안전운전불이행,젖음/습기,비,교차로 - 교차로부근,승용,남,69세,상해없음,보행자,남,79세,중상
횡단보도외횡단중사고,2021051900100234,2021년 5월 19일 13시,수요일,부산광역시 부산진구 개금동,중상사고,0,1,0,0,차대사람 - 기타,안전운전불이행,건조,맑음,단일로 - 기타,승용,남,28세,상해없음,보행자,여,74세,중상
횡단보도외횡단중사고,2021051900100451,2021년 5월 19일 19시,수요일,부산광역시 사상구 엄궁동,중상사고,0,1,0,0,차대사람 - 차도통행중,안전운전불이행,건조,맑음,단일로 - 기타,승용,남,49세,상해없음,보행자,여,77세,중상
횡단보도외횡단중사고,2021052000100294,2021년 5월 20일 16시,목요일,부산광역시 서구 서대신동2가,중상사고,0,1,0,0,차대사람 - 횡단중,중앙선침범,젖음/습기,흐림,교차로 - 교차로부근,승용,남,52세,상해없음,보행자,남,51세,중상
횡단보도외횡단중사고,2021052000100529,2021년 5월 20일 22시,목요일,부산광역시 서구 초장동,경상사고,0,0,2,0,차대사람 - 횡단중,안전운전불이행,젖음/습기,비,교차로 - 교차로안,승용,남,59세,상해없음,보행자,여,60세,경상
횡단보도외횡단중사고,2021052100100425,2021년 5월 21일 18시,금요일,부산광역시 부산진구 전포동,경상사고,0,0,1,0,차대사람 - 기타,안전운전불이행,건조,맑음,기타 - 기타,승용,여,52세,기타불명,보행자,남,27세,경상
횡단보도외횡단중사고,2021052200100329,2021년 5월 22일 15시,토요일,부산광역시 남구 대연동,중상사고,0,1,0,0,차대사람 - 기타,안전운전불이행,건조,맑음,교차로 - 교차로안,특수,남,53세,상해없음,보행자,남,78세,중상
횡단보도외횡단중사고,2021052200100558,2021년 5월 22일 21시,토요일,부산광역시 금정구 부곡동,중상사고,0,1,0,0,차대사람 - 횡단중,안전운전불이행,건조,맑음,교차로 - 교차로안,승용,남,27세,상해없음,보행자,남,41세,중상
횡단보도외횡단중사고,2021052300100117,2021년 5월 23일 12시,일요일,부산광역시 영도구 대교동1가,중상사고,0,1,0,0,차대사람 - 횡단중,안전운전불이행,건조,맑음,교차로 - 교차로안,화물,남,64세,상해없음,보행자,여,71세,중상
횡단보도외횡단중사고,2021052400100023,2021년 5월 24일 06시,월요일,부산광역시 강서구 강동동,사망사고,1,0,0,0,차대사람 - 기타,안전운전불이행,젖음/습기,흐림,교차로 - 교차로부근,건설기계,남,28세,상해없음,보행자,여,70세,사망
횡단보도외횡단중사고,2021052500100221,2021년 5월 25일 12시,화요일,부산광역시 부산진구 양정동,중상사고,0,1,0,0,차대사람 - 횡단중,안전운전불이행,건조,맑음,교차로 - 교차로부근,이륜,남,25세,상해없음,보행자,남,67세,중상
횡단보도외횡단중사고,2.02105E+15,2021년 5월 25일 18시,화요일,부산광역시 기장군 기장읍,중상사고,0,1,0,0,차대사람 - 횡단중,안전운전불이행,건조,맑음,단일로 - 기타,승용,여,37세,상해없음,보행자,남,78세,중상
횡단보도외횡단중사고,2021052900100487,2021년 5월 29일 20시,토요일,부산광역시 동래구 온천동,경상사고,0,0,1,0,차대사람 - 차도통행중,안전운전불이행,건조,맑음,교차로 - 교차로안,이륜,남,58세,상해없음,보행자,남,8세,경상
횡단보도외횡단중사고,2.02105E+15,2021년 5월 31일 20시,월요일,부산광역시 금정구 부곡동,경상사고,0,0,1,0,차대사람 - 횡단중,안전운전불이행,건조,맑음,단일로 - 기타,이륜,남,34세,상해없음,보행자,여,62세,경상
횡단보도외횡단중사고,2021060100100085,2021년 6월 1일 08시,화요일,부산광역시 강서구 대저2동,경상사고,0,0,1,0,차대사람 - 횡단중,기타,건조,맑음,교차로 - 교차로부근,승용,남,26세,상해없음,보행자,여,10세,경상
횡단보도외횡단중사고,2021060100100214,2021년 6월 1일 12시,화요일,부산광역시 해운대구 중동,중상사고,0,1,0,0,차대사람 - 차도통행중,안전운전불이행,건조,맑음,단일로 - 기타,승용,남,54세,상해없음,보행자,여,76세,중상
횡단보도외횡단중사고,2021060100100251,2021년 6월 1일 13시,화요일,부산광역시 기장군 정관읍,중상사고,0,1,0,0,차대사람 - 길가장자리구역통행중,안전운전불이행,건조,맑음,교차로 - 교차로부근,화물,남,64세,상해없음,보행자,여,78세,중상
횡단보도외횡단중사고,2021060100100595,2021년 6월 1일 22시,화요일,부산광역시 금정구 구서동,중상사고,0,1,1,0,차대사람 - 횡단중,보행자보호의무위반,건조,맑음,교차로 - 교차로안,승용,남,64세,상해없음,보행자,여,51세,중상
횡단보도외횡단중사고,2021060200100217,2021년 6월 2일 12시,수요일,부산광역시 해운대구 반여동,중상사고,0,1,0,0,차대사람 - 기타,중앙선침범,건조,맑음,교차로 - 교차로부근,승용,남,60세,상해없음,보행자,여,56세,중상
횡단보도외횡단중사고,2021060200100508,2021년 6월 2일 19시,수요일,부산광역시 수영구 수영동,경상사고,0,0,1,0,차대사람 - 횡단중,안전운전불이행,건조,맑음,단일로 - 기타,승용,남,66세,상해없음,보행자,여,20세,경상
횡단보도외횡단중사고,2021060500100558,2021년 6월 5일 21시,토요일,부산광역시 해운대구 우동,중상사고,0,1,0,0,차대사람 - 횡단중,안전운전불이행,건조,맑음,단일로 - 기타,승용,남,58세,상해없음,보행자,남,48세,중상
횡단보도외횡단중사고,2021060700100453,2021년 6월 7일 18시,월요일,부산광역시 연제구 연산동,중상사고,0,2,0,0,차대사람 - 횡단중,보행자보호의무위반,건조,맑음,기타 - 기타,승용,여,34세,상해없음,보행자,여,20세,중상
횡단보도외횡단중사고,2021060800100481,2021년 6월 8일 19시,화요일,부산광역시 금정구 두구동,중상사고,0,1,0,0,차대사람 - 횡단중,안전운전불이행,건조,맑음,단일로 - 기타,승용,남,43세,상해없음,보행자,여,70세,중상
횡단보도외횡단중사고,2021060800100568,2021년 6월 8일 22시,화요일,부산광역시 연제구 연산동,중상사고,0,1,0,0,차대사람 - 기타,안전운전불이행,건조,맑음,교차로 - 교차로안,승합,남,39세,상해없음,보행자,여,20세,중상
횡단보도외횡단중사고,2021060900100454,2021년 6월 9일 18시,수요일,부산광역시 동구 초량동,경상사고,0,0,1,0,차대사람 - 횡단중,안전운전불이행,건조,맑음,교차로 - 교차로안,승용,남,57세,상해없음,보행자,여,22세,경상
횡단보도외횡단중사고,2021060900100607,2021년 6월 9일 22시,수요일,부산광역시 부산진구 부전동,경상사고,0,0,1,0,차대사람 - 횡단중,안전운전불이행,건조,기타,단일로 - 기타,승용,여,51세,상해없음,보행자,남,25세,경상
횡단보도외횡단중사고,2.02106E+15,2021년 6월 10일 06시,목요일,부산광역시 남구 용호동,중상사고,0,1,0,0,차대사람 - 기타,안전운전불이행,건조,맑음,교차로 - 교차로안,승용,남,43세,상해없음,보행자,여,68세,중상
횡단보도외횡단중사고,2.02106E+15,2021년 6월 10일 08시,목요일,부산광역시 동래구 온천동,경상사고,0,0,1,0,차대사람 - 횡단중,신호위반,건조,맑음,단일로 - 기타,승용,여,48세,상해없음,보행자,여,34세,경상
횡단보도외횡단중사고,2.02106E+15,2021년 6월 10일 09시,목요일,부산광역시 금정구 부곡동,경상사고,0,0,1,0,차대사람 - 기타,안전운전불이행,건조,맑음,단일로 - 기타,자전거,남,60세,상해없음,보행자,여,81세,경상
횡단보도외횡단중사고,2021061100100283,2021년 6월 11일 14시,금요일,부산광역시 부산진구 범천동,중상사고,0,1,0,0,차대사람 - 기타,안전운전불이행,젖음/습기,비,단일로 - 기타,승용,남,56세,상해없음,보행자,여,10세,중상
횡단보도외횡단중사고,2021061100100536,2021년 6월 11일 20시,금요일,부산광역시 해운대구 좌동,중상사고,0,1,0,0,차대사람 - 기타,안전운전불이행,건조,맑음,교차로 - 교차로부근,승용,남,39세,상해없음,보행자,여,43세,중상
횡단보도외횡단중사고,2021061100100537,2021년 6월 11일 20시,금요일,부산광역시 사하구 당리동,중상사고,0,1,0,0,차대사람 - 기타,안전운전불이행,젖음/습기,비,단일로 - 지하차도(도로)내,이륜,여,44세,상해없음,보행자,남,34세,중상
횡단보도외횡단중사고,2.02106E+15,2021년 6월 11일 21시,금요일,부산광역시 해운대구 중동,경상사고,0,0,1,0,차대사람 - 횡단중,안전운전불이행,젖음/습기,비,교차로 - 교차로부근,승합,남,58세,상해없음,보행자,남,49세,경상
횡단보도외횡단중사고,2021061100100592,2021년 6월 11일 22시,금요일,부산광역시 동래구 온천동,경상사고,0,0,1,0,차대사람 - 횡단중,안전운전불이행,젖음/습기,비,교차로 - 교차로안,승용,남,28세,상해없음,보행자,남,54세,경상
횡단보도외횡단중사고,2021061100100594,2021년 6월 11일 22시,금요일,부산광역시 기장군 일광면,경상사고,0,0,1,0,차대사람 - 기타,안전운전불이행,젖음/습기,비,단일로 - 기타,승용,남,60세,상해없음,보행자,남,85세,경상
횡단보도외횡단중사고,2021061300100288,2021년 6월 13일 16시,일요일,부산광역시 동래구 사직동,중상사고,0,1,0,0,차대사람 - 기타,안전운전불이행,건조,맑음,단일로 - 기타,승용,여,25세,상해없음,보행자,여,61세,중상
횡단보도외횡단중사고,2021061400100368,2021년 6월 14일 16시,월요일,부산광역시 금정구 부곡동,중상사고,0,1,0,0,차대사람 - 횡단중,안전운전불이행,건조,맑음,단일로 - 기타,이륜,남,30세,상해없음,보행자,남,16세,중상
횡단보도외횡단중사고,2.02106E+15,2021년 6월 14일 22시,월요일,부산광역시 금정구 장전동,중상사고,0,1,0,0,차대사람 - 횡단중,안전운전불이행,건조,맑음,교차로 - 교차로안,승용,남,37세,상해없음,보행자,여,20세,중상
횡단보도외횡단중사고,2021061600100014,2021년 6월 16일 01시,수요일,부산광역시 동구 범일동,중상사고,0,1,0,0,차대사람 - 차도통행중,안전운전불이행,젖음/습기,비,교차로 - 교차로안,승합,여,55세,상해없음,보행자,남,62세,중상
횡단보도외횡단중사고,2021061700100248,2021년 6월 17일 13시,목요일,부산광역시 수영구 망미동,중상사고,0,1,0,0,차대사람 - 기타,안전운전불이행,건조,맑음,단일로 - 기타,승용,남,59세,상해없음,보행자,여,63세,중상
횡단보도외횡단중사고,2021061900100142,2021년 6월 19일 10시,토요일,부산광역시 강서구 명지동,경상사고,0,0,1,0,차대사람 - 차도통행중,안전운전불이행,건조,맑음,단일로 - 기타,승용,남,22세,상해없음,보행자,남,50세,경상
횡단보도외횡단중사고,2021062000100005,2021년 6월 20일 00시,일요일,부산광역시 북구 덕천동,부상신고사고,0,0,0,1,차대사람 - 횡단중,안전운전불이행,건조,맑음,단일로 - 기타,승용,남,23세,기타불명,보행자,여,21세,부상신고
횡단보도외횡단중사고,2021062200100261,2021년 6월 22일 13시,화요일,부산광역시 부산진구 부암동,경상사고,0,0,1,0,차대사람 - 차도통행중,안전운전불이행,건조,맑음,교차로 - 교차로부근,승용,남,55세,상해없음,보행자,남,72세,경상
횡단보도외횡단중사고,2021062200100364,2021년 6월 22일 16시,화요일,부산광역시 부산진구 범천동,중상사고,0,1,0,0,차대사람 - 보도통행중,안전운전불이행,건조,맑음,단일로 - 기타,이륜,남,70세,기타불명,보행자,여,65세,중상
횡단보도외횡단중사고,2021062400100274,2021년 6월 24일 13시,목요일,부산광역시 수영구 광안동,경상사고,0,0,1,0,차대사람 - 기타,안전운전불이행,건조,맑음,단일로 - 기타,이륜,남,28세,상해없음,보행자,여,56세,경상
횡단보도외횡단중사고,2021062600100093,2021년 6월 26일 08시,토요일,부산광역시 사하구 장림동,경상사고,0,0,1,0,차대사람 - 횡단중,안전운전불이행,건조,흐림,교차로 - 교차로안,화물,남,72세,상해없음,보행자,여,55세,경상
횡단보도외횡단중사고,2021062700100026,2021년 6월 27일 01시,일요일,부산광역시 부산진구 부전동,경상사고,0,0,1,0,차대사람 - 기타,안전운전불이행,건조,맑음,단일로 - 기타,승용,여,28세,상해없음,보행자,남,22세,경상
횡단보도외횡단중사고,2021062900100053,2021년 6월 29일 07시,화요일,부산광역시 부산진구 부전동,경상사고,0,0,1,0,차대사람 - 차도통행중,안전운전불이행,건조,맑음,단일로 - 기타,승용,남,30세,상해없음,보행자,남,26세,경상
횡단보도외횡단중사고,2021062900100479,2021년 6월 29일 18시,화요일,부산광역시 남구 대연동,경상사고,0,0,1,0,차대사람 - 기타,보행자보호의무위반,건조,맑음,교차로 - 교차로안,승용,남,38세,상해없음,보행자,여,19세,경상
횡단보도외횡단중사고,2021063000100427,2021년 6월 30일 17시,수요일,부산광역시 수영구 광안동,경상사고,0,0,1,0,차대사람 - 기타,중앙선침범,건조,맑음,단일로 - 기타,승용,남,37세,상해없음,보행자,여,21세,경상
횡단보도외횡단중사고,2021063000100428,2021년 6월 30일 17시,수요일,부산광역시 기장군 기장읍,중상사고,0,1,0,0,차대사람 - 횡단중,안전운전불이행,건조,맑음,단일로 - 기타,이륜,남,21세,상해없음,보행자,남,8세,중상
횡단보도외횡단중사고,2021070100100083,2021년 7월 1일 08시,목요일,부산광역시 기장군 기장읍,중상사고,0,1,0,0,차대사람 - 횡단중,안전운전불이행,건조,맑음,교차로 - 교차로안,승용,남,32세,상해없음,보행자,여,63세,중상
횡단보도외횡단중사고,2021070200100078,2021년 7월 2일 08시,금요일,부산광역시 남구 대연동,중상사고,0,1,0,0,차대사람 - 횡단중,안전운전불이행,건조,맑음,교차로 - 교차로안,승합,남,63세,상해없음,보행자,여,74세,중상
횡단보도외횡단중사고,2021070200100679,2021년 7월 2일 22시,금요일,부산광역시 강서구 신호동,중상사고,0,1,0,0,차대사람 - 차도통행중,안전운전불이행,건조,맑음,교차로 - 교차로부근,승용,여,47세,상해없음,보행자,남,42세,중상
횡단보도외횡단중사고,2021070500100116,2021년 7월 5일 09시,월요일,부산광역시 금정구 부곡동,중상사고,0,1,0,0,차대사람 - 횡단중,안전운전불이행,젖음/습기,비,단일로 - 기타,승용,여,34세,상해없음,보행자,여,67세,중상
횡단보도외횡단중사고,2021070500100187,2021년 7월 5일 11시,월요일,부산광역시 부산진구 부전동,중상사고,0,1,0,0,차대사람 - 기타,안전운전불이행,건조,기타,교차로 - 교차로안,화물,남,69세,상해없음,보행자,여,69세,중상
횡단보도외횡단중사고,2021070500100506,2021년 7월 5일 20시,월요일,부산광역시 남구 우암동,부상신고사고,0,0,0,1,차대사람 - 횡단중,안전운전불이행,건조,맑음,교차로 - 교차로부근,승용,남,58세,상해없음,보행자,남,15세,부상신고
횡단보도외횡단중사고,2021070600100466,2021년 7월 6일 19시,화요일,부산광역시 해운대구 중동,중상사고,0,1,0,0,차대사람 - 횡단중,안전운전불이행,젖음/습기,비,단일로 - 기타,승용,남,69세,상해없음,보행자,남,74세,중상
횡단보도외횡단중사고,2021070600100489,2021년 7월 6일 20시,화요일,부산광역시 사하구 다대동,경상사고,0,0,1,0,차대사람 - 횡단중,안전운전불이행,젖음/습기,비,단일로 - 기타,이륜,남,31세,상해없음,보행자,남,62세,경상
횡단보도외횡단중사고,2021070800100359,2021년 7월 8일 16시,목요일,부산광역시 사하구 괴정동,중상사고,0,1,0,0,차대사람 - 기타,안전운전불이행,건조,맑음,교차로 - 교차로부근,승용,여,47세,상해없음,보행자,여,64세,중상
횡단보도외횡단중사고,2021071100100287,2021년 7월 11일 18시,일요일,부산광역시 동래구 안락동,중상사고,0,1,0,0,차대사람 - 기타,안전운전불이행,건조,맑음,단일로 - 기타,이륜,남,31세,상해없음,보행자,여,77세,중상
횡단보도외횡단중사고,2021071100100315,2021년 7월 11일 19시,일요일,부산광역시 금정구 장전동,부상신고사고,0,0,0,1,차대사람 - 횡단중,안전운전불이행,건조,맑음,교차로 - 교차로안,승용,여,43세,상해없음,보행자,남,23세,부상신고
횡단보도외횡단중사고,2021071200100332,2021년 7월 12일 16시,월요일,부산광역시 수영구 남천동,중상사고,0,1,0,0,차대사람 - 횡단중,안전운전불이행,건조,맑음,교차로 - 교차로안,승용,여,39세,상해없음,보행자,여,74세,중상
횡단보도외횡단중사고,2.02107E+15,2021년 7월 13일 08시,화요일,부산광역시 사상구 학장동,중상사고,0,1,0,0,차대사람 - 기타,보행자보호의무위반,건조,맑음,교차로 - 교차로부근,승용,여,48세,상해없음,보행자,남,83세,중상
횡단보도외횡단중사고,2021071500100125,2021년 7월 15일 09시,목요일,부산광역시 북구 구포동,중상사고,0,1,0,0,차대사람 - 차도통행중,안전운전불이행,건조,맑음,교차로 - 교차로안,승용,여,55세,상해없음,보행자,여,66세,중상
횡단보도외횡단중사고,2021071600100294,2021년 7월 16일 14시,금요일,부산광역시 동래구 온천동,경상사고,0,0,1,0,차대사람 - 기타,안전운전불이행,건조,맑음,단일로 - 기타,승용,남,64세,상해없음,보행자,남,54세,경상
횡단보도외횡단중사고,2021071600100365,2021년 7월 16일 16시,금요일,부산광역시 사하구 신평동,경상사고,0,0,1,0,차대사람 - 횡단중,안전운전불이행,건조,맑음,교차로 - 교차로안,승용,여,53세,상해없음,보행자,여,57세,경상
횡단보도외횡단중사고,2021071700100481,2021년 7월 17일 19시,토요일,부산광역시 해운대구 우동,중상사고,0,1,0,0,차대사람 - 차도통행중,안전운전불이행,건조,맑음,단일로 - 기타,기타불명,기타불명,미분류,기타불명,보행자,남,23세,중상
횡단보도외횡단중사고,2021071700100579,2021년 7월 17일 22시,토요일,부산광역시 수영구 광안동,경상사고,0,0,1,0,차대사람 - 차도통행중,안전운전불이행,건조,맑음,단일로 - 기타,자전거,남,60세,상해없음,보행자,여,10세,경상
횡단보도외횡단중사고,2021072000100161,2021년 7월 20일 11시,화요일,부산광역시 영도구 신선동1가,중상사고,0,1,0,0,차대사람 - 횡단중,안전운전불이행,건조,맑음,단일로 - 기타,이륜,남,69세,상해없음,보행자,남,76세,중상
횡단보도외횡단중사고,2021072000100228,2021년 7월 20일 13시,화요일,부산광역시 영도구 청학동,중상사고,0,1,0,0,차대사람 - 횡단중,안전운전불이행,건조,맑음,교차로 - 교차로안,승용,남,76세,상해없음,보행자,남,26세,중상
횡단보도외횡단중사고,2021072100100589,2021년 7월 21일 20시,수요일,부산광역시 동구 범일동,경상사고,0,0,1,0,차대사람 - 차도통행중,안전운전불이행,건조,맑음,단일로 - 기타,승용,남,56세,상해없음,보행자,여,84세,경상
횡단보도외횡단중사고,2021072200100185,2021년 7월 22일 11시,목요일,부산광역시 중구 중앙동4가,경상사고,0,0,1,0,차대사람 - 횡단중,안전운전불이행,건조,맑음,교차로 - 교차로부근,승용,남,29세,상해없음,보행자,남,59세,경상
횡단보도외횡단중사고,2.02107E+15,2021년 7월 23일 23시,금요일,부산광역시 영도구 청학동,경상사고,0,0,1,1,차대사람 - 기타,안전운전불이행,건조,맑음,단일로 - 기타,이륜,남,56세,부상신고,보행자,남,27세,경상
횡단보도외횡단중사고,2021072500100216,2021년 7월 25일 15시,일요일,부산광역시 금정구 부곡동,경상사고,0,0,1,0,차대사람 - 횡단중,안전운전불이행,건조,맑음,교차로 - 교차로안,승용,남,51세,상해없음,보행자,여,72세,경상
횡단보도외횡단중사고,2021072600100471,2021년 7월 26일 18시,월요일,부산광역시 북구 만덕동,중상사고,0,1,0,0,차대사람 - 기타,신호위반,건조,맑음,단일로 - 기타,승용,남,36세,상해없음,보행자,여,72세,중상
횡단보도외횡단중사고,2021072600100629,2021년 7월 26일 23시,월요일,부산광역시 동래구 안락동,경상사고,0,0,1,0,차대사람 - 기타,안전운전불이행,건조,맑음,교차로 - 교차로안,화물,남,57세,상해없음,보행자,남,22세,경상
횡단보도외횡단중사고,2021072700100036,2021년 7월 27일 06시,화요일,부산광역시 사하구 괴정동,중상사고,0,1,0,0,차대사람 - 횡단중,안전운전불이행,건조,맑음,단일로 - 기타,승용,남,66세,상해없음,보행자,여,71세,중상
횡단보도외횡단중사고,2021072700100058,2021년 7월 27일 07시,화요일,부산광역시 금정구 서동,중상사고,0,1,0,0,차대사람 - 횡단중,안전운전불이행,건조,맑음,교차로 - 교차로안,화물,남,61세,상해없음,보행자,여,60세,중상
횡단보도외횡단중사고,2021072800100389,2021년 7월 28일 17시,수요일,부산광역시 중구 대청동1가,중상사고,0,1,0,0,차대사람 - 차도통행중,안전운전불이행,건조,맑음,교차로 - 교차로안,이륜,남,76세,상해없음,보행자,여,67세,중상
횡단보도외횡단중사고,2021073000100355,2021년 7월 30일 16시,금요일,부산광역시 부산진구 범천동,중상사고,0,1,0,0,차대사람 - 횡단중,안전운전불이행,건조,맑음,교차로 - 교차로안,승용,남,56세,상해없음,보행자,남,54세,중상
횡단보도외횡단중사고,2.02107E+15,2021년 7월 30일 21시,금요일,부산광역시 부산진구 부전동,중상사고,0,1,0,0,차대사람 - 차도통행중,안전운전불이행,건조,맑음,교차로 - 교차로안,화물,남,48세,상해없음,보행자,여,32세,중상
횡단보도외횡단중사고,2021080200100262,2021년 8월 2일 14시,월요일,부산광역시 해운대구 중동,중상사고,0,1,0,0,차대사람 - 기타,교차로운행방법위반,건조,맑음,교차로 - 교차로안,화물,남,29세,상해없음,보행자,남,47세,중상
횡단보도외횡단중사고,2021080500100362,2021년 8월 5일 16시,목요일,부산광역시 영도구 남항동1가,중상사고,0,1,0,0,차대사람 - 횡단중,안전운전불이행,건조,맑음,단일로 - 기타,화물,남,52세,상해없음,보행자,여,60세,중상
횡단보도외횡단중사고,2021080600100234,2021년 8월 6일 13시,금요일,부산광역시 해운대구 좌동,경상사고,0,0,1,0,차대사람 - 횡단중,안전운전불이행,건조,맑음,단일로 - 기타,기타불명,기타불명,미분류,기타불명,보행자,여,78세,경상
횡단보도외횡단중사고,2021080700100222,2021년 8월 7일 13시,토요일,부산광역시 해운대구 중동,경상사고,0,0,1,0,차대사람 - 횡단중,안전운전불이행,건조,맑음,단일로 - 기타,기타불명,기타불명,미분류,기타불명,보행자,여,20세,경상
횡단보도외횡단중사고,2021080700100351,2021년 8월 7일 17시,토요일,부산광역시 동구 범일동,중상사고,0,1,0,0,차대사람 - 차도통행중,보행자보호의무위반,건조,맑음,단일로 - 기타,이륜,남,25세,상해없음,보행자,남,71세,중상
횡단보도외횡단중사고,2021080700100463,2021년 8월 7일 20시,토요일,부산광역시 부산진구 양정동,중상사고,0,1,0,0,차대사람 - 기타,안전운전불이행,건조,맑음,교차로 - 교차로부근,승용,남,68세,상해없음,보행자,남,84세,중상
횡단보도외횡단중사고,2021080900100188,2021년 8월 9일 11시,월요일,부산광역시 남구 대연동,중상사고,0,1,0,0,차대사람 - 횡단중,안전운전불이행,건조,맑음,교차로 - 교차로안,승용,남,55세,상해없음,보행자,여,72세,중상
횡단보도외횡단중사고,2021081100100021,2021년 8월 11일 05시,수요일,부산광역시 동래구 명륜동,중상사고,0,1,0,0,차대사람 - 차도통행중,안전운전불이행,건조,맑음,단일로 - 기타,승용,여,37세,상해없음,보행자,여,28세,중상
횡단보도외횡단중사고,2021081100100195,2021년 8월 11일 12시,수요일,부산광역시 부산진구 부전동,경상사고,0,0,1,0,차대사람 - 기타,안전운전불이행,건조,맑음,교차로 - 교차로부근,승용,남,69세,상해없음,보행자,여,23세,경상
횡단보도외횡단중사고,2021081100100196,2021년 8월 11일 12시,수요일,부산광역시 금정구 서동,중상사고,0,1,0,0,차대사람 - 횡단중,안전운전불이행,건조,맑음,단일로 - 기타,승용,여,64세,상해없음,보행자,여,76세,중상
횡단보도외횡단중사고,2021081100100454,2021년 8월 11일 20시,수요일,부산광역시 영도구 동삼동,중상사고,0,1,0,0,차대사람 - 횡단중,안전운전불이행,건조,맑음,단일로 - 기타,승용,여,46세,상해없음,보행자,여,69세,중상
횡단보도외횡단중사고,2021081100100455,2021년 8월 11일 20시,수요일,부산광역시 영도구 동삼동,중상사고,0,1,0,0,차대사람 - 횡단중,안전운전불이행,건조,맑음,교차로 - 교차로안,승용,남,20세,상해없음,보행자,여,80세,중상
횡단보도외횡단중사고,2021081200100021,2021년 8월 12일 05시,목요일,부산광역시 사하구 감천동,중상사고,0,1,0,0,차대사람 - 횡단중,기타,건조,맑음,단일로 - 기타,승용,남,58세,상해없음,보행자,여,70세,중상
횡단보도외횡단중사고,2021081200100113,2021년 8월 12일 09시,목요일,부산광역시 기장군 기장읍,중상사고,0,1,0,0,차대사람 - 차도통행중,안전운전불이행,건조,맑음,교차로 - 교차로부근,승용,남,49세,상해없음,보행자,남,64세,중상
횡단보도외횡단중사고,2021081200100336,2021년 8월 12일 16시,목요일,부산광역시 부산진구 부전동,중상사고,0,1,0,0,차대사람 - 횡단중,보행자보호의무위반,건조,맑음,교차로 - 교차로부근,승용,남,67세,상해없음,보행자,남,52세,중상
횡단보도외횡단중사고,2021081300100179,2021년 8월 13일 12시,금요일,부산광역시 부산진구 가야동,경상사고,0,0,1,0,차대사람 - 기타,안전운전불이행,젖음/습기,비,단일로 - 기타,화물,남,56세,상해없음,보행자,남,23세,경상
횡단보도외횡단중사고,2021081300100373,2021년 8월 13일 17시,금요일,부산광역시 영도구 대교동2가,중상사고,0,1,0,0,차대사람 - 횡단중,교차로운행방법위반,건조,맑음,교차로 - 교차로안,승용,남,65세,상해없음,보행자,여,52세,중상
횡단보도외횡단중사고,2021081400100226,2021년 8월 14일 14시,토요일,부산광역시 사상구 주례동,경상사고,0,0,1,0,차대사람 - 차도통행중,안전운전불이행,건조,맑음,교차로 - 교차로안,승용,남,67세,상해없음,보행자,남,38세,경상
횡단보도외횡단중사고,2021081400100353,2021년 8월 14일 18시,토요일,부산광역시 중구 보수동1가,중상사고,0,1,0,0,차대사람 - 횡단중,안전운전불이행,건조,맑음,단일로 - 기타,승용,남,34세,상해없음,보행자,여,63세,중상
횡단보도외횡단중사고,2021081600100157,2021년 8월 16일 13시,월요일,부산광역시 동래구 낙민동,중상사고,0,1,0,0,차대사람 - 횡단중,안전운전불이행,건조,맑음,단일로 - 기타,승용,남,52세,상해없음,보행자,여,77세,중상