사고부문,사고번호,사고일시,요일,시군구,사고내용,사망자수,중상자수,경상자수,부상신고자수,사고유형,법규위반,노면상태,기상상태,도로형태,가해운전자 차종,가해운전자 성별,가해운전자 연령,가해운전자 상해정도,피해운전자 차종,피해운전자 성별,피해운전자 연령,피해운전자 상해정도
횡단보도외횡단중사고,2021111500100226,2021년 11월 15일 12시,월요일,부산광역시 남구 대연동,경상사고,0,0,1,0,차대사람 - 차도통행중,중앙선침범,건조,맑음,단일로 - 기타,이륜,남,65세,상해없음,보행자,여,73세,경상
횡단보도외횡단중사고,2021111600100053,2021년 11월 16일 06시,화요일,부산광역시 수영구 광안동,중상사고,0,1,0,0,차대사람 - 횡단중,안전운전불이행,건조,맑음,교차로 - 교차로안,승용,남,71세,상해없음,보행자,여,78세,중상
횡단보도외횡단중사고,2021111600100226,2021년 11월 16일 11시,화요일,부산광역시 부산진구 당감동,중상사고,0,1,0,0,차대사람 - 기타,안전운전불이행,건조,기타,교차로 - 교차로부근,승용,여,47세,상해없음,보행자,여,89세,중상
횡단보도외횡단중사고,2021111600100362,2021년 11월 16일 15시,화요일,부산광역시 동래구 복천동,경상사고,0,0,1,0,차대사람 - 기타,안전운전불이행,건조,맑음,단일로 - 기타,승용,남,64세,상해없음,보행자,여,40세,경상
횡단보도외횡단중사고,2021111700100166,2021년 11월 17일 10시,수요일,부산광역시 부산진구 당감동,부상신고사고,0,0,0,1,차대사람 - 기타,안전운전불이행,건조,맑음,단일로 - 기타,승용,여,53세,상해없음,보행자,여,68세,부상신고
횡단보도외횡단중사고,2021111800100258,2021년 11월 18일 13시,목요일,부산광역시 부산진구 전포동,경상사고,0,0,1,0,차대사람 - 길가장자리구역통행중,안전운전불이행,건조,맑음,단일로 - 기타,화물,남,45세,상해없음,보행자,남,75세,경상
횡단보도외횡단중사고,2021111900100133,2021년 11월 19일 09시,금요일,부산광역시 동구 초량동,중상사고,0,1,0,0,차대사람 - 차도통행중,기타,건조,맑음,단일로 - 기타,승용,남,27세,상해없음,보행자,남,29세,중상
횡단보도외횡단중사고,2021111900100366,2021년 11월 19일 16시,금요일,부산광역시 금정구 서동,경상사고,0,0,1,0,차대사람 - 횡단중,안전운전불이행,건조,맑음,교차로 - 교차로부근,승용,남,68세,상해없음,보행자,여,74세,경상
횡단보도외횡단중사고,2021111900100648,2021년 11월 19일 22시,금요일,부산광역시 동구 범일동,사망사고,1,0,0,0,차대사람 - 횡단중,안전운전불이행,건조,맑음,단일로 - 기타,승합,남,40세,상해없음,보행자,남,78세,사망
횡단보도외횡단중사고,2.02111E+15,2021년 11월 20일 01시,토요일,부산광역시 부산진구 부암동,사망사고,1,0,0,0,차대사람 - 기타,기타,건조,맑음,기타 - 기타,승용,남,61세,상해없음,보행자,남,73세,사망
횡단보도외횡단중사고,2.02111E+15,2021년 11월 22일 09시,월요일,부산광역시 부산진구 부전동,중상사고,0,1,0,0,차대사람 - 횡단중,안전운전불이행,건조,맑음,단일로 - 기타,승용,남,34세,상해없음,보행자,여,57세,중상
횡단보도외횡단중사고,2021112300100004,2021년 11월 23일 00시,화요일,부산광역시 사상구 괘법동,중상사고,0,1,0,0,차대사람 - 차도통행중,안전운전불이행,건조,맑음,단일로 - 기타,승용,남,53세,상해없음,보행자,남,68세,중상
횡단보도외횡단중사고,2021112300100156,2021년 11월 23일 10시,화요일,부산광역시 수영구 민락동,경상사고,0,0,1,0,차대사람 - 횡단중,안전운전불이행,건조,맑음,교차로 - 교차로안,승용,여,55세,상해없음,보행자,여,65세,경상
횡단보도외횡단중사고,2021112300100249,2021년 11월 23일 13시,화요일,부산광역시 해운대구 반여동,경상사고,0,0,1,0,차대사람 - 차도통행중,안전운전불이행,건조,맑음,교차로 - 교차로부근,승용,여,34세,상해없음,보행자,남,41세,경상
횡단보도외횡단중사고,2021112400100039,2021년 11월 24일 06시,수요일,부산광역시 금정구 장전동,경상사고,0,0,1,0,차대사람 - 횡단중,안전운전불이행,건조,맑음,단일로 - 기타,승용,남,79세,상해없음,보행자,여,26세,경상
횡단보도외횡단중사고,2021112400100316,2021년 11월 24일 16시,수요일,부산광역시 남구 용호동,경상사고,0,0,1,0,차대사람 - 횡단중,신호위반,건조,맑음,교차로 - 교차로부근,승용,여,43세,상해없음,보행자,남,15세,경상
횡단보도외횡단중사고,2021112500100072,2021년 11월 25일 07시,목요일,부산광역시 강서구 화전동,경상사고,0,0,1,0,차대사람 - 횡단중,안전운전불이행,건조,맑음,단일로 - 기타,화물,남,62세,상해없음,보행자,남,30세,경상
횡단보도외횡단중사고,2021112500100666,2021년 11월 25일 23시,목요일,부산광역시 동래구 온천동,경상사고,0,0,1,0,차대사람 - 기타,안전운전불이행,건조,맑음,교차로 - 교차로안,승용,남,65세,상해없음,보행자,여,59세,경상
횡단보도외횡단중사고,2021112700100018,2021년 11월 27일 01시,토요일,부산광역시 사하구 장림동,경상사고,0,0,1,0,차대사람 - 차도통행중,안전거리미확보,건조,맑음,단일로 - 기타,승용,남,42세,상해없음,보행자,남,40세,경상
횡단보도외횡단중사고,2021112700100198,2021년 11월 27일 12시,토요일,부산광역시 동구 초량동,중상사고,0,1,0,0,차대사람 - 차도통행중,안전운전불이행,건조,맑음,단일로 - 기타,승용,남,24세,상해없음,보행자,남,55세,중상
횡단보도외횡단중사고,2021112900100172,2021년 11월 29일 10시,월요일,부산광역시 중구 영주동,경상사고,0,0,1,0,차대사람 - 횡단중,안전운전불이행,건조,맑음,단일로 - 기타,승용,남,32세,상해없음,보행자,여,69세,경상
횡단보도외횡단중사고,2021112900100173,2021년 11월 29일 10시,월요일,부산광역시 사하구 장림동,중상사고,0,1,0,0,차대사람 - 기타,중앙선침범,건조,맑음,교차로 - 교차로안,화물,남,60세,상해없음,보행자,여,65세,중상
횡단보도외횡단중사고,2021112900100631,2021년 11월 29일 23시,월요일,부산광역시 사상구 엄궁동,경상사고,0,0,1,0,차대사람 - 횡단중,안전운전불이행,건조,맑음,교차로 - 교차로안,화물,여,66세,상해없음,보행자,여,59세,경상
횡단보도외횡단중사고,2021113000100113,2021년 11월 30일 08시,화요일,부산광역시 동구 수정동,중상사고,0,1,0,0,차대사람 - 차도통행중,안전운전불이행,젖음/습기,비,단일로 - 기타,승용,남,51세,상해없음,보행자,남,75세,중상
횡단보도외횡단중사고,2021113000100114,2021년 11월 30일 08시,화요일,부산광역시 동래구 사직동,중상사고,0,1,0,0,차대사람 - 기타,안전운전불이행,건조,맑음,교차로 - 교차로안,승용,여,50세,상해없음,보행자,여,50세,중상
횡단보도외횡단중사고,2021113000100204,2021년 11월 30일 10시,화요일,부산광역시 사하구 하단동,경상사고,0,0,1,0,차대사람 - 차도통행중,안전운전불이행,젖음/습기,비,교차로 - 교차로안,승용,남,31세,상해없음,보행자,남,57세,경상
횡단보도외횡단중사고,2021120100100395,2021년 12월 1일 17시,수요일,부산광역시 연제구 거제동,경상사고,0,0,1,0,차대사람 - 차도통행중,안전운전불이행,건조,맑음,단일로 - 기타,화물,남,41세,상해없음,보행자,남,7세,경상
횡단보도외횡단중사고,2021120100100453,2021년 12월 1일 18시,수요일,부산광역시 부산진구 부암동,중상사고,0,1,0,0,차대사람 - 차도통행중,안전운전불이행,건조,맑음,단일로 - 기타,승합,남,63세,상해없음,보행자,여,66세,중상
횡단보도외횡단중사고,2021120300100445,2021년 12월 3일 16시,금요일,부산광역시 연제구 거제동,경상사고,0,0,1,0,차대사람 - 횡단중,안전운전불이행,건조,맑음,교차로 - 교차로부근,승합,여,54세,상해없음,보행자,여,71세,경상
횡단보도외횡단중사고,2021120300100492,2021년 12월 3일 17시,금요일,부산광역시 해운대구 우동,경상사고,0,0,1,0,차대사람 - 횡단중,안전운전불이행,건조,맑음,교차로 - 교차로안,승용,여,28세,상해없음,보행자,남,65세,경상
횡단보도외횡단중사고,2.02112E+15,2021년 12월 4일 19시,토요일,부산광역시 동래구 안락동,중상사고,0,1,0,0,차대사람 - 기타,안전운전불이행,건조,맑음,단일로 - 기타,이륜,남,23세,상해없음,보행자,여,63세,중상
횡단보도외횡단중사고,2021120500100237,2021년 12월 5일 15시,일요일,부산광역시 사하구 다대동,중상사고,0,1,0,0,차대사람 - 횡단중,안전운전불이행,건조,맑음,단일로 - 기타,승용,남,63세,상해없음,보행자,여,57세,중상
횡단보도외횡단중사고,2021120500100391,2021년 12월 5일 20시,일요일,부산광역시 부산진구 초읍동,경상사고,0,0,1,0,차대사람 - 횡단중,안전운전불이행,건조,맑음,단일로 - 기타,승용,남,53세,상해없음,보행자,남,59세,경상
횡단보도외횡단중사고,2021120600100521,2021년 12월 6일 21시,월요일,부산광역시 서구 충무동1가,경상사고,0,0,1,0,차대사람 - 횡단중,안전운전불이행,건조,맑음,교차로 - 교차로부근,승용,여,74세,상해없음,보행자,남,62세,경상
횡단보도외횡단중사고,2021120700100087,2021년 12월 7일 08시,화요일,부산광역시 해운대구 반송동,경상사고,0,0,1,0,차대사람 - 횡단중,안전운전불이행,건조,맑음,교차로 - 교차로안,승용,여,44세,상해없음,보행자,여,10세,경상
횡단보도외횡단중사고,2021121000100359,2021년 12월 10일 16시,금요일,부산광역시 부산진구 양정동,경상사고,0,0,1,0,차대사람 - 기타,안전운전불이행,건조,맑음,단일로 - 기타,승용,남,47세,상해없음,보행자,여,20세,경상
횡단보도외횡단중사고,2.02112E+15,2021년 12월 11일 00시,토요일,부산광역시 해운대구 좌동,경상사고,0,0,1,0,차대사람 - 보도통행중,안전운전불이행,건조,맑음,단일로 - 기타,승용,남,26세,상해없음,보행자,남,30세,경상
횡단보도외횡단중사고,2021121100100316,2021년 12월 11일 16시,토요일,부산광역시 남구 감만동,부상신고사고,0,0,0,1,차대사람 - 횡단중,안전운전불이행,건조,맑음,단일로 - 기타,승합,남,34세,상해없음,보행자,여,52세,부상신고
횡단보도외횡단중사고,2.02112E+15,2021년 12월 14일 08시,화요일,부산광역시 동래구 복천동,경상사고,0,0,1,0,차대사람 - 횡단중,안전운전불이행,건조,맑음,단일로 - 기타,승용,남,29세,상해없음,보행자,남,10세,경상
횡단보도외횡단중사고,2021121400100385,2021년 12월 14일 18시,화요일,부산광역시 수영구 광안동,중상사고,0,1,0,0,차대사람 - 차도통행중,안전운전불이행,건조,맑음,교차로 - 교차로안,승용,여,30세,상해없음,보행자,여,54세,중상
횡단보도외횡단중사고,2021121400100387,2021년 12월 14일 18시,화요일,부산광역시 사상구 주례동,경상사고,0,0,1,0,차대사람 - 횡단중,안전운전불이행,건조,맑음,교차로 - 교차로안,승용,남,49세,상해없음,보행자,여,83세,경상
횡단보도외횡단중사고,2021121500100232,2021년 12월 15일 12시,수요일,부산광역시 영도구 청학동,중상사고,0,1,0,0,차대사람 - 차도통행중,안전운전불이행,건조,맑음,단일로 - 기타,승용,여,40세,상해없음,보행자,여,84세,중상
횡단보도외횡단중사고,2021121500100261,2021년 12월 15일 13시,수요일,부산광역시 부산진구 양정동,경상사고,0,0,1,0,차대사람 - 기타,안전운전불이행,건조,맑음,교차로 - 교차로안,승용,남,67세,기타불명,보행자,여,22세,경상
횡단보도외횡단중사고,2021121500100316,2021년 12월 15일 15시,수요일,부산광역시 서구 부민동2가,부상신고사고,0,0,0,1,차대사람 - 횡단중,안전운전불이행,건조,맑음,단일로 - 기타,승용,남,35세,상해없음,보행자,여,72세,부상신고
횡단보도외횡단중사고,2021121500100564,2021년 12월 15일 21시,수요일,부산광역시 강서구 명지동,경상사고,0,0,2,0,차대사람 - 기타,안전운전불이행,건조,맑음,교차로 - 교차로부근,승용,남,47세,경상,보행자,남,58세,경상
횡단보도외횡단중사고,2021121600100113,2021년 12월 16일 09시,목요일,부산광역시 해운대구 재송동,중상사고,0,1,0,0,차대사람 - 기타,안전운전불이행,젖음/습기,흐림,단일로 - 기타,기타불명,기타불명,미분류,기타불명,보행자,여,69세,중상
횡단보도외횡단중사고,2021121600100452,2021년 12월 16일 20시,목요일,부산광역시 남구 대연동,중상사고,0,1,0,0,차대사람 - 길가장자리구역통행중,중앙선침범,건조,맑음,단일로 - 기타,승용,남,67세,상해없음,보행자,남,74세,중상
횡단보도외횡단중사고,2021121700100175,2021년 12월 17일 11시,금요일,부산광역시 부산진구 전포동,중상사고,0,1,0,1,차대사람 - 횡단중,안전운전불이행,건조,기타,단일로 - 기타,이륜,남,66세,부상신고,보행자,여,64세,중상
횡단보도외횡단중사고,2021121700100315,2021년 12월 17일 15시,금요일,부산광역시 기장군 정관읍,경상사고,0,0,1,0,차대사람 - 횡단중,안전운전불이행,건조,맑음,교차로 - 교차로안,이륜,남,43세,상해없음,보행자,여,7세,경상
횡단보도외횡단중사고,2021121700100467,2021년 12월 17일 18시,금요일,부산광역시 수영구 광안동,부상신고사고,0,0,0,1,차대사람 - 차도통행중,안전운전불이행,건조,맑음,교차로 - 교차로안,승용,남,43세,상해없음,보행자,남,56세,부상신고
횡단보도외횡단중사고,2021121700100469,2021년 12월 17일 18시,금요일,부산광역시 동래구 명장동,경상사고,0,0,1,0,차대사람 - 기타,안전운전불이행,건조,맑음,교차로 - 교차로안,화물,남,36세,상해없음,보행자,남,34세,경상
횡단보도외횡단중사고,2.02112E+15,2021년 12월 20일 07시,월요일,부산광역시 금정구 금사동,중상사고,0,1,0,0,차대사람 - 차도통행중,안전운전불이행,건조,맑음,교차로 - 교차로안,화물,남,42세,상해없음,보행자,남,67세,중상
횡단보도외횡단중사고,2021122000100061,2021년 12월 20일 08시,월요일,부산광역시 강서구 대저1동,중상사고,0,1,0,0,차대사람 - 횡단중,안전운전불이행,건조,맑음,교차로 - 교차로부근,화물,남,32세,상해없음,보행자,남,37세,중상
횡단보도외횡단중사고,2021122000100227,2021년 12월 20일 13시,월요일,부산광역시 부산진구 부전동,경상사고,0,0,1,0,차대사람 - 횡단중,안전운전불이행,건조,맑음,단일로 - 기타,승용,남,28세,상해없음,보행자,여,21세,경상
횡단보도외횡단중사고,2021122000100509,2021년 12월 20일 19시,월요일,부산광역시 사하구 하단동,경상사고,0,0,1,0,차대사람 - 차도통행중,안전운전불이행,건조,맑음,단일로 - 기타,승용,남,62세,상해없음,보행자,남,63세,경상
횡단보도외횡단중사고,2021122100100023,2021년 12월 21일 06시,화요일,부산광역시 북구 덕천동,중상사고,0,1,0,0,차대사람 - 기타,안전운전불이행,건조,맑음,단일로 - 기타,승용,남,54세,상해없음,보행자,여,31세,중상
횡단보도외횡단중사고,2021122200100307,2021년 12월 22일 15시,수요일,부산광역시 북구 만덕동,부상신고사고,0,0,0,2,차대사람 - 기타,안전운전불이행,건조,맑음,교차로 - 교차로안,화물,여,57세,상해없음,보행자,여,40세,부상신고
횡단보도외횡단중사고,2021122300100045,2021년 12월 23일 07시,목요일,부산광역시 금정구 회동동,경상사고,0,0,1,0,차대사람 - 횡단중,보행자보호의무위반,건조,맑음,단일로 - 기타,승합,남,56세,상해없음,보행자,남,48세,경상
횡단보도외횡단중사고,2021122300100155,2021년 12월 23일 11시,목요일,부산광역시 동구 수정동,중상사고,0,1,0,0,차대사람 - 차도통행중,안전운전불이행,건조,맑음,단일로 - 기타,승용,남,53세,상해없음,보행자,남,70세,중상
횡단보도외횡단중사고,2021122300100279,2021년 12월 23일 15시,목요일,부산광역시 북구 만덕동,중상사고,0,1,0,0,차대사람 - 기타,안전운전불이행,건조,맑음,단일로 - 지하차도(도로)내,이륜,남,24세,상해없음,보행자,여,9세,중상
횡단보도외횡단중사고,2.02112E+15,2021년 12월 23일 20시,목요일,부산광역시 동래구 온천동,중상사고,0,1,0,0,차대사람 - 차도통행중,안전운전불이행,건조,맑음,단일로 - 기타,승용,여,33세,상해없음,보행자,여,21세,중상
횡단보도외횡단중사고,2021122400100565,2021년 12월 24일 21시,금요일,부산광역시 부산진구 부전동,경상사고,0,0,3,0,차대사람 - 횡단중,안전운전불이행,건조,맑음,교차로 - 교차로부근,이륜,남,18세,상해없음,보행자,남,22세,경상
횡단보도외횡단중사고,2021122400100633,2021년 12월 24일 23시,금요일,부산광역시 북구 구포동,중상사고,0,1,0,0,차대사람 - 기타,안전운전불이행,건조,맑음,단일로 - 지하차도(도로)내,이륜,남,52세,상해없음,보행자,여,64세,중상
횡단보도외횡단중사고,2021122700100356,2021년 12월 27일 17시,월요일,부산광역시 사상구 엄궁동,경상사고,0,0,2,0,차대사람 - 횡단중,신호위반,건조,맑음,단일로 - 기타,승용,여,46세,상해없음,보행자,여,63세,경상
횡단보도외횡단중사고,2021122800100366,2021년 12월 28일 18시,화요일,부산광역시 사상구 모라동,경상사고,0,0,1,0,차대사람 - 차도통행중,안전운전불이행,건조,맑음,교차로 - 교차로안,승용,남,22세,상해없음,보행자,남,63세,경상
횡단보도외횡단중사고,2021123000100267,2021년 12월 30일 15시,목요일,부산광역시 동래구 사직동,부상신고사고,0,0,0,1,차대사람 - 횡단중,안전운전불이행,건조,맑음,단일로 - 기타,화물,남,66세,상해없음,보행자,여,8세,부상신고
횡단보도외횡단중사고,2021123100100038,2021년 12월 31일 07시,금요일,부산광역시 연제구 거제동,중상사고,0,1,0,0,차대사람 - 횡단중,안전운전불이행,건조,맑음,단일로 - 기타,승용,남,69세,상해없음,보행자,남,82세,중상
횡단보도외횡단중사고,2021123100100494,2021년 12월 31일 19시,금요일,부산광역시 동래구 명륜동,경상사고,0,0,1,0,차대사람 - 기타,안전운전불이행,건조,맑음,교차로 - 교차로부근,승용,남,51세,상해없음,보행자,여,28세,경상
횡단보도외횡단중사고,2022010100100201,2022년 1월 1일 16시,토요일,부산광역시 부산진구 부전동,경상사고,0,0,1,0,차대사람 - 횡단중,보행자보호의무위반,건조,맑음,단일로 - 기타,개인형이동수단(PM),남,35세,상해없음,보행자,여,56세,경상
횡단보도외횡단중사고,2022010300100294,2022년 1월 3일 14시,월요일,부산광역시 부산진구 전포동,중상사고,0,1,0,0,차대사람 - 차도통행중,안전운전불이행,건조,맑음,교차로 - 교차로부근,화물,남,54세,상해없음,보행자,남,11세,중상
횡단보도외횡단중사고,2022010400100358,2022년 1월 4일 17시,화요일,부산광역시 부산진구 개금동,사망사고,1,0,0,0,차대사람 - 횡단중,기타,건조,맑음,교차로 - 교차로안,이륜,남,21세,상해없음,보행자,여,58세,사망
횡단보도외횡단중사고,2022010500100149,2022년 1월 5일 12시,수요일,부산광역시 서구 남부민동,중상사고,0,1,0,0,차대사람 - 횡단중,안전운전불이행,건조,맑음,단일로 - 기타,승용,여,29세,상해없음,보행자,남,10세,중상
횡단보도외횡단중사고,2022010600100326,2022년 1월 6일 16시,목요일,부산광역시 부산진구 부전동,경상사고,0,0,1,0,차대사람 - 차도통행중,안전운전불이행,건조,맑음,교차로 - 교차로안,승용,남,42세,상해없음,보행자,여,62세,경상
횡단보도외횡단중사고,2022010600100533,2022년 1월 6일 22시,목요일,부산광역시 중구 보수동2가,경상사고,0,0,2,0,차대사람 - 횡단중,안전운전불이행,건조,맑음,교차로 - 교차로안,승합,남,50세,상해없음,보행자,남,26세,경상
횡단보도외횡단중사고,2022010700100035,2022년 1월 7일 06시,금요일,부산광역시 남구 문현동,중상사고,0,1,0,0,차대사람 - 횡단중,안전운전불이행,건조,맑음,단일로 - 기타,승용,남,66세,상해없음,보행자,남,66세,중상
횡단보도외횡단중사고,2022010800100075,2022년 1월 8일 08시,토요일,부산광역시 중구 부평동4가,중상사고,0,1,0,0,차대사람 - 횡단중,안전운전불이행,건조,맑음,단일로 - 기타,화물,남,59세,상해없음,보행자,남,63세,중상
횡단보도외횡단중사고,2022010800100392,2022년 1월 8일 18시,토요일,부산광역시 부산진구 부전동,경상사고,0,0,1,0,차대사람 - 길가장자리구역통행중,안전운전불이행,건조,맑음,단일로 - 기타,승용,남,24세,상해없음,보행자,남,28세,경상
횡단보도외횡단중사고,2022010900100093,2022년 1월 9일 12시,일요일,부산광역시 사하구 하단동,중상사고,0,1,0,0,차대사람 - 보도통행중,안전운전불이행,건조,맑음,교차로 - 교차로부근,승용,남,25세,상해없음,보행자,여,23세,중상
횡단보도외횡단중사고,2022011000100181,2022년 1월 10일 11시,월요일,부산광역시 중구 부평동2가,경상사고,0,0,1,0,차대사람 - 횡단중,안전운전불이행,건조,맑음,교차로 - 교차로부근,승용,남,73세,상해없음,보행자,여,69세,경상
횡단보도외횡단중사고,2022011100100235,2022년 1월 11일 13시,화요일,부산광역시 사상구 감전동,경상사고,0,0,1,0,차대사람 - 차도통행중,안전운전불이행,건조,맑음,교차로 - 교차로안,화물,남,53세,상해없음,보행자,남,53세,경상
횡단보도외횡단중사고,2022011300100344,2022년 1월 13일 16시,목요일,부산광역시 동래구 사직동,중상사고,0,1,0,0,차대사람 - 횡단중,안전운전불이행,건조,맑음,단일로 - 기타,승용,여,63세,상해없음,보행자,남,64세,중상
횡단보도외횡단중사고,2022011400100015,2022년 1월 14일 02시,금요일,부산광역시 사상구 주례동,중상사고,0,1,0,0,차대사람 - 기타,안전운전불이행,건조,맑음,단일로 - 기타,이륜,남,18세,상해없음,보행자,남,41세,중상
횡단보도외횡단중사고,2022011400100034,2022년 1월 14일 06시,금요일,부산광역시 사상구 괘법동,경상사고,0,0,1,0,차대사람 - 횡단중,안전운전불이행,건조,맑음,교차로 - 교차로부근,승용,남,46세,상해없음,보행자,남,55세,경상
횡단보도외횡단중사고,2022011500100281,2022년 1월 15일 16시,토요일,부산광역시 사하구 괴정동,중상사고,0,1,0,0,차대사람 - 횡단중,안전운전불이행,건조,맑음,교차로 - 교차로안,승용,남,61세,상해없음,보행자,남,78세,중상
횡단보도외횡단중사고,2022011500100359,2022년 1월 15일 18시,토요일,부산광역시 해운대구 우동,중상사고,0,1,0,0,차대사람 - 차도통행중,안전운전불이행,건조,맑음,단일로 - 기타,승용,남,28세,상해없음,보행자,여,66세,중상
횡단보도외횡단중사고,2.02201E+15,2022년 1월 16일 22시,일요일,부산광역시 금정구 서동,부상신고사고,0,0,0,1,차대사람 - 차도통행중,안전운전불이행,건조,맑음,교차로 - 교차로부근,승용,여,25세,상해없음,보행자,여,64세,부상신고
횡단보도외횡단중사고,2022011700100517,2022년 1월 17일 23시,월요일,부산광역시 사하구 하단동,중상사고,0,1,0,0,차대사람 - 횡단중,안전운전불이행,건조,맑음,교차로 - 교차로부근,승용,남,67세,상해없음,보행자,남,26세,중상
횡단보도외횡단중사고,2022011800100207,2022년 1월 18일 12시,화요일,부산광역시 금정구 구서동,중상사고,0,1,0,0,차대사람 - 횡단중,중앙선침범,건조,맑음,단일로 - 기타,이륜,남,45세,상해없음,보행자,여,65세,중상
횡단보도외횡단중사고,2022011800100281,2022년 1월 18일 14시,화요일,부산광역시 부산진구 당감동,중상사고,0,1,0,0,차대사람 - 횡단중,안전운전불이행,건조,맑음,단일로 - 기타,승용,남,79세,상해없음,보행자,여,72세,중상
횡단보도외횡단중사고,2022011900100264,2022년 1월 19일 15시,수요일,부산광역시 수영구 수영동,중상사고,0,1,0,0,차대사람 - 기타,안전운전불이행,건조,맑음,단일로 - 기타,화물,남,43세,상해없음,보행자,여,71세,중상
횡단보도외횡단중사고,2022012000100556,2022년 1월 20일 22시,목요일,부산광역시 북구 덕천동,경상사고,0,0,1,0,차대사람 - 차도통행중,안전운전불이행,건조,맑음,기타 - 기타,승용,남,64세,상해없음,보행자,남,27세,경상
횡단보도외횡단중사고,2022012100100407,2022년 1월 21일 16시,금요일,부산광역시 부산진구 부전동,경상사고,0,0,1,0,차대사람 - 횡단중,안전운전불이행,건조,맑음,단일로 - 기타,승용,남,23세,상해없음,보행자,여,51세,경상
횡단보도외횡단중사고,2.02201E+15,2022년 1월 21일 19시,금요일,부산광역시 북구 덕천동,경상사고,0,0,1,0,차대사람 - 횡단중,안전운전불이행,건조,맑음,기타 - 기타,화물,남,72세,상해없음,보행자,남,67세,경상
횡단보도외횡단중사고,2022012400100071,2022년 1월 24일 08시,월요일,부산광역시 금정구 부곡동,중상사고,0,1,0,0,차대사람 - 횡단중,안전운전불이행,건조,맑음,단일로 - 기타,승용,남,72세,상해없음,보행자,여,89세,중상
횡단보도외횡단중사고,2022012500100117,2022년 1월 25일 10시,화요일,부산광역시 수영구 남천동,경상사고,0,0,1,0,차대사람 - 기타,안전운전불이행,건조,맑음,교차로 - 교차로부근,화물,남,55세,상해없음,보행자,여,72세,경상
횡단보도외횡단중사고,2022012500100246,2022년 1월 25일 14시,화요일,부산광역시 남구 용호동,중상사고,0,1,0,0,차대사람 - 기타,안전운전불이행,건조,맑음,교차로 - 교차로안,승용,여,39세,상해없음,보행자,여,86세,중상
횡단보도외횡단중사고,2022012600100328,2022년 1월 26일 16시,수요일,부산광역시 해운대구 반송동,중상사고,0,1,0,0,차대사람 - 횡단중,안전운전불이행,건조,맑음,단일로 - 기타,승용,여,53세,상해없음,보행자,남,11세,중상
횡단보도외횡단중사고,2022012700100353,2022년 1월 27일 17시,목요일,부산광역시 부산진구 가야동,중상사고,0,1,0,0,차대사람 - 횡단중,안전운전불이행,건조,맑음,기타 - 기타,승용,남,64세,상해없음,보행자,남,10세,중상
횡단보도외횡단중사고,2.02201E+15,2022년 1월 27일 18시,목요일,부산광역시 동래구 온천동,경상사고,0,0,1,0,차대사람 - 횡단중,안전운전불이행,건조,맑음,교차로 - 교차로부근,승용,남,67세,상해없음,보행자,남,40세,경상
횡단보도외횡단중사고,2.02201E+15,2022년 1월 27일 19시,목요일,부산광역시 부산진구 범천동,경상사고,0,0,2,0,차대사람 - 횡단중,안전운전불이행,건조,맑음,교차로 - 교차로안,승용,남,81세,상해없음,보행자,여,67세,경상
횡단보도외횡단중사고,2022012800100031,2022년 1월 28일 07시,금요일,부산광역시 동구 범일동,중상사고,0,1,0,0,차대사람 - 기타,안전운전불이행,건조,맑음,교차로 - 교차로안,화물,남,59세,상해없음,보행자,여,62세,중상
횡단보도외횡단중사고,2022012900100027,2022년 1월 29일 06시,토요일,부산광역시 서구 서대신동3가,중상사고,0,1,0,0,차대사람 - 횡단중,안전운전불이행,건조,맑음,교차로 - 교차로부근,승용,남,37세,상해없음,보행자,여,60세,중상
횡단보도외횡단중사고,2022012900100061,2022년 1월 29일 09시,토요일,부산광역시 금정구 서동,경상사고,0,0,1,0,차대사람 - 횡단중,안전운전불이행,건조,맑음,교차로 - 교차로안,승용,남,35세,상해없음,보행자,남,60세,경상
횡단보도외횡단중사고,2022012900100135,2022년 1월 29일 12시,토요일,부산광역시 동구 초량동,경상사고,0,0,1,0,차대사람 - 차도통행중,안전운전불이행,건조,맑음,단일로 - 기타,승용,남,60세,상해없음,보행자,여,80세,경상
횡단보도외횡단중사고,2022013100100148,2022년 1월 31일 15시,월요일,부산광역시 수영구 망미동,경상사고,0,0,1,0,차대사람 - 기타,안전운전불이행,건조,맑음,단일로 - 기타,승용,남,68세,상해없음,보행자,남,31세,경상
횡단보도외횡단중사고,2022020300100196,2022년 2월 3일 13시,목요일,부산광역시 금정구 서동,중상사고,0,1,1,0,차대사람 - 횡단중,안전운전불이행,건조,맑음,단일로 - 기타,이륜,남,43세,경상,보행자,여,24세,중상
횡단보도외횡단중사고,2022020400100054,2022년 2월 4일 08시,금요일,부산광역시 동래구 안락동,중상사고,0,1,0,0,차대사람 - 횡단중,안전운전불이행,건조,맑음,교차로 - 교차로안,승용,여,45세,상해없음,보행자,여,67세,중상
횡단보도외횡단중사고,2022020400100242,2022년 2월 4일 15시,금요일,부산광역시 수영구 광안동,중상사고,0,1,0,0,차대사람 - 횡단중,안전운전불이행,건조,맑음,교차로 - 교차로안,화물,남,81세,상해없음,보행자,남,92세,중상