사고부문,사고번호,사고일시,요일,시군구,사고내용,사망자수,중상자수,경상자수,부상신고자수,사고유형,법규위반,노면상태,기상상태,도로형태,가해운전자 차종,가해운전자 성별,가해운전자 연령,가해운전자 상해정도,피해운전자 차종,피해운전자 성별,피해운전자 연령,피해운전자 상해정도
횡단보도외횡단중사고,2022020400100448,2022년 2월 4일 21시,금요일,부산광역시 수영구 광안동,경상사고,0,0,1,0,차대사람 - 차도통행중,안전운전불이행,건조,맑음,교차로 - 교차로부근,승용,여,59세,상해없음,보행자,남,74세,경상
횡단보도외횡단중사고,2.02202E+15,2022년 2월 5일 12시,토요일,부산광역시 남구 용당동,경상사고,0,0,1,0,차대사람 - 차도통행중,안전운전불이행,건조,맑음,단일로 - 기타,화물,남,57세,상해없음,보행자,남,55세,경상
횡단보도외횡단중사고,2022020800100346,2022년 2월 8일 18시,화요일,부산광역시 해운대구 우동,중상사고,0,1,0,0,차대사람 - 횡단중,안전운전불이행,건조,맑음,교차로 - 교차로부근,승용,여,39세,상해없음,보행자,남,49세,중상
횡단보도외횡단중사고,2022020900100074,2022년 2월 9일 08시,수요일,부산광역시 부산진구 전포동,중상사고,0,1,0,0,차대사람 - 횡단중,안전운전불이행,건조,맑음,단일로 - 기타,승합,남,61세,상해없음,보행자,남,76세,중상
횡단보도외횡단중사고,2022020900100354,2022년 2월 9일 18시,수요일,부산광역시 금정구 구서동,경상사고,0,0,1,0,차대사람 - 횡단중,안전운전불이행,건조,맑음,교차로 - 교차로부근,승용,남,75세,상해없음,보행자,남,12세,경상
횡단보도외횡단중사고,2022021000100198,2022년 2월 10일 13시,목요일,부산광역시 영도구 영선동2가,경상사고,0,0,1,0,차대사람 - 기타,안전운전불이행,건조,맑음,단일로 - 기타,승용,여,45세,상해없음,보행자,여,80세,경상
횡단보도외횡단중사고,2022021000100346,2022년 2월 10일 18시,목요일,부산광역시 동래구 명륜동,중상사고,0,1,0,0,차대사람 - 차도통행중,안전운전불이행,건조,맑음,단일로 - 기타,원동기,남,42세,상해없음,보행자,여,58세,중상
횡단보도외횡단중사고,2022021200100333,2022년 2월 12일 19시,토요일,부산광역시 금정구 장전동,중상사고,0,1,0,0,차대사람 - 차도통행중,안전운전불이행,건조,맑음,교차로 - 교차로부근,화물,남,48세,상해없음,보행자,여,51세,중상
횡단보도외횡단중사고,2022021300100115,2022년 2월 13일 14시,일요일,부산광역시 남구 문현동,경상사고,0,0,1,0,차대사람 - 길가장자리구역통행중,안전운전불이행,건조,맑음,교차로 - 교차로안,승용,남,29세,상해없음,보행자,남,79세,경상
횡단보도외횡단중사고,2022021400100049,2022년 2월 14일 07시,월요일,부산광역시 영도구 청학동,중상사고,0,1,0,0,차대사람 - 횡단중,신호위반,건조,맑음,교차로 - 교차로안,승합,남,65세,상해없음,보행자,여,64세,중상
횡단보도외횡단중사고,2022021500100089,2022년 2월 15일 10시,화요일,부산광역시 중구 중앙동6가,중상사고,0,1,0,0,차대사람 - 횡단중,안전운전불이행,건조,맑음,교차로 - 교차로부근,승용,남,45세,상해없음,보행자,남,42세,중상
횡단보도외횡단중사고,2022021700100024,2022년 2월 17일 06시,목요일,부산광역시 부산진구 전포동,중상사고,0,1,0,0,차대사람 - 횡단중,신호위반,건조,맑음,기타 - 기타,승용,남,62세,상해없음,보행자,여,66세,중상
횡단보도외횡단중사고,2022021700100217,2022년 2월 17일 14시,목요일,부산광역시 수영구 광안동,중상사고,0,1,0,0,차대사람 - 기타,안전운전불이행,건조,맑음,교차로 - 교차로안,승용,남,52세,상해없음,보행자,여,74세,중상
횡단보도외횡단중사고,2022021800100156,2022년 2월 18일 11시,금요일,부산광역시 동래구 온천동,경상사고,0,0,1,0,차대사람 - 횡단중,안전운전불이행,건조,맑음,단일로 - 기타,승용,여,67세,상해없음,보행자,여,41세,경상
횡단보도외횡단중사고,2022021800100405,2022년 2월 18일 19시,금요일,부산광역시 해운대구 중동,중상사고,0,1,0,0,차대사람 - 횡단중,안전운전불이행,건조,맑음,단일로 - 기타,승용,여,39세,상해없음,보행자,남,72세,중상
횡단보도외횡단중사고,2022021900100218,2022년 2월 19일 15시,토요일,부산광역시 북구 구포동,경상사고,0,0,1,0,차대사람 - 기타,안전운전불이행,건조,맑음,단일로 - 지하차도(도로)내,승용,여,27세,상해없음,보행자,남,72세,경상
횡단보도외횡단중사고,2022021900100271,2022년 2월 19일 17시,토요일,부산광역시 부산진구 부전동,중상사고,0,1,0,0,차대사람 - 차도통행중,안전운전불이행,건조,맑음,교차로 - 교차로안,승용,남,54세,상해없음,보행자,남,71세,중상
횡단보도외횡단중사고,2022021900100415,2022년 2월 19일 22시,토요일,부산광역시 중구 남포동5가,경상사고,0,0,1,0,차대사람 - 기타,안전운전불이행,건조,맑음,단일로 - 기타,승용,여,24세,상해없음,보행자,여,45세,경상
횡단보도외횡단중사고,2022022000100013,2022년 2월 20일 01시,일요일,부산광역시 연제구 거제동,중상사고,0,1,0,0,차대사람 - 차도통행중,안전운전불이행,건조,맑음,교차로 - 교차로안,승용,남,18세,상해없음,보행자,남,63세,중상
횡단보도외횡단중사고,2022022200100166,2022년 2월 22일 12시,화요일,부산광역시 동구 초량동,경상사고,0,0,1,0,차대사람 - 차도통행중,안전운전불이행,건조,맑음,교차로 - 교차로부근,승용,남,66세,기타불명,보행자,여,32세,경상
횡단보도외횡단중사고,2022022200100424,2022년 2월 22일 20시,화요일,부산광역시 영도구 대교동2가,경상사고,0,0,1,0,차대사람 - 횡단중,안전운전불이행,건조,맑음,단일로 - 지하차도(도로)내,승용,여,48세,상해없음,보행자,남,53세,경상
횡단보도외횡단중사고,2022022300100177,2022년 2월 23일 13시,수요일,부산광역시 동래구 명륜동,부상신고사고,0,0,0,1,차대사람 - 횡단중,안전운전불이행,건조,맑음,단일로 - 기타,승용,여,50세,상해없음,보행자,남,7세,부상신고
횡단보도외횡단중사고,2022022400100477,2022년 2월 24일 21시,목요일,부산광역시 북구 화명동,중상사고,0,1,0,0,차대사람 - 횡단중,안전운전불이행,건조,맑음,단일로 - 지하차도(도로)내,승용,남,64세,상해없음,보행자,남,62세,중상
횡단보도외횡단중사고,2.02202E+15,2022년 2월 25일 22시,금요일,부산광역시 금정구 부곡동,중상사고,0,1,0,0,차대사람 - 차도통행중,교차로운행방법위반,건조,맑음,교차로 - 교차로부근,승용,남,64세,상해없음,보행자,남,50세,중상
횡단보도외횡단중사고,2022022700100333,2022년 2월 27일 21시,일요일,부산광역시 부산진구 전포동,중상사고,0,1,1,0,차대사람 - 횡단중,안전운전불이행,건조,맑음,교차로 - 교차로부근,이륜,남,17세,상해없음,보행자,여,20세,중상
횡단보도외횡단중사고,2.02202E+15,2022년 2월 28일 15시,월요일,부산광역시 북구 덕천동,경상사고,0,0,1,0,차대사람 - 기타,안전운전불이행,건조,맑음,교차로 - 교차로안,화물,남,38세,상해없음,보행자,여,62세,경상
횡단보도외횡단중사고,2022022800100316,2022년 2월 28일 16시,월요일,부산광역시 해운대구 중동,중상사고,0,1,0,0,차대사람 - 기타,안전운전불이행,건조,맑음,단일로 - 기타,승용,남,27세,상해없음,보행자,남,15세,중상
횡단보도외횡단중사고,2022030100100234,2022년 3월 1일 17시,화요일,부산광역시 동구 수정동,중상사고,0,1,0,0,차대사람 - 횡단중,안전운전불이행,건조,맑음,단일로 - 기타,이륜,남,21세,상해없음,보행자,남,62세,중상
횡단보도외횡단중사고,2022030200100033,2022년 3월 2일 07시,수요일,부산광역시 중구 대창동2가,중상사고,0,1,0,0,차대사람 - 횡단중,안전운전불이행,건조,맑음,교차로 - 교차로부근,승합,남,57세,상해없음,보행자,남,65세,중상
횡단보도외횡단중사고,2022030300100385,2022년 3월 3일 18시,목요일,부산광역시 남구 대연동,중상사고,0,1,0,0,차대사람 - 차도통행중,안전운전불이행,건조,맑음,교차로 - 교차로부근,승용,남,44세,상해없음,보행자,여,62세,중상
횡단보도외횡단중사고,2022030300100386,2022년 3월 3일 18시,목요일,부산광역시 부산진구 부전동,경상사고,0,0,1,0,차대사람 - 차도통행중,안전운전불이행,건조,맑음,단일로 - 기타,이륜,남,42세,상해없음,보행자,남,44세,경상
횡단보도외횡단중사고,2022030400100316,2022년 3월 4일 18시,금요일,부산광역시 남구 용호동,경상사고,0,0,1,0,차대사람 - 길가장자리구역통행중,보행자보호의무위반,건조,맑음,교차로 - 교차로안,화물,남,54세,상해없음,보행자,여,52세,경상
횡단보도외횡단중사고,2022030600100001,2022년 3월 6일 00시,일요일,부산광역시 수영구 민락동,경상사고,0,0,1,0,차대사람 - 차도통행중,안전운전불이행,건조,맑음,단일로 - 기타,승용,남,73세,상해없음,보행자,남,22세,경상
횡단보도외횡단중사고,2022030600100029,2022년 3월 6일 05시,일요일,부산광역시 부산진구 양정동,중상사고,0,1,0,0,차대사람 - 횡단중,안전운전불이행,건조,맑음,단일로 - 기타,승용,남,67세,상해없음,보행자,여,53세,중상
횡단보도외횡단중사고,2022030600100032,2022년 3월 6일 06시,일요일,부산광역시 동래구 온천동,경상사고,0,0,1,0,차대사람 - 기타,안전운전불이행,건조,맑음,단일로 - 기타,승합,남,64세,상해없음,보행자,남,53세,경상
횡단보도외횡단중사고,2022030600100227,2022년 3월 6일 17시,일요일,부산광역시 남구 대연동,경상사고,0,0,1,0,차대사람 - 기타,안전운전불이행,건조,맑음,단일로 - 기타,승용,남,27세,상해없음,보행자,여,31세,경상
횡단보도외횡단중사고,2.02203E+15,2022년 3월 6일 18시,일요일,부산광역시 서구 토성동1가,중상사고,0,1,0,0,차대사람 - 횡단중,안전운전불이행,건조,맑음,교차로 - 교차로부근,승용,여,43세,상해없음,보행자,남,60세,중상
횡단보도외횡단중사고,2022030700100265,2022년 3월 7일 16시,월요일,부산광역시 부산진구 가야동,경상사고,0,0,1,0,차대사람 - 기타,중앙선침범,건조,기타,단일로 - 기타,개인형이동수단(PM),남,21세,상해없음,보행자,여,43세,경상
횡단보도외횡단중사고,2022030800100182,2022년 3월 8일 13시,화요일,부산광역시 동래구 안락동,경상사고,0,0,1,0,차대사람 - 횡단중,안전운전불이행,건조,맑음,교차로 - 교차로안,승용,남,50세,상해없음,보행자,여,36세,경상
횡단보도외횡단중사고,2022030800100414,2022년 3월 8일 20시,화요일,부산광역시 연제구 연산동,경상사고,0,0,1,0,차대사람 - 차도통행중,안전운전불이행,건조,맑음,단일로 - 기타,승용,남,64세,상해없음,보행자,남,71세,경상
횡단보도외횡단중사고,2022030900100002,2022년 3월 9일 00시,수요일,부산광역시 중구 영주동,중상사고,0,1,0,0,차대사람 - 횡단중,안전운전불이행,건조,맑음,교차로 - 교차로부근,승용,남,22세,상해없음,보행자,남,28세,중상
횡단보도외횡단중사고,2022030900100303,2022년 3월 9일 18시,수요일,부산광역시 기장군 기장읍,중상사고,0,1,0,0,차대사람 - 횡단중,안전운전불이행,건조,맑음,단일로 - 기타,이륜,남,51세,상해없음,보행자,여,78세,중상
횡단보도외횡단중사고,2022031000100047,2022년 3월 10일 07시,목요일,부산광역시 영도구 동삼동,경상사고,0,0,1,0,차대사람 - 횡단중,안전운전불이행,건조,맑음,단일로 - 지하차도(도로)내,승용,여,59세,기타불명,보행자,여,15세,경상
횡단보도외횡단중사고,2022031000100142,2022년 3월 10일 11시,목요일,부산광역시 동래구 안락동,중상사고,0,1,0,0,차대사람 - 횡단중,중앙선침범,건조,맑음,단일로 - 기타,승용,남,24세,상해없음,보행자,여,71세,중상
횡단보도외횡단중사고,2022031000100379,2022년 3월 10일 20시,목요일,부산광역시 남구 대연동,부상신고사고,0,0,0,1,차대사람 - 횡단중,안전운전불이행,건조,맑음,교차로 - 교차로안,승용,여,26세,상해없음,보행자,남,57세,부상신고
횡단보도외횡단중사고,2022031100100044,2022년 3월 11일 07시,금요일,부산광역시 북구 덕천동,중상사고,0,1,0,0,차대사람 - 차도통행중,안전운전불이행,건조,맑음,단일로 - 지하차도(도로)내,승용,남,47세,상해없음,보행자,여,81세,중상
횡단보도외횡단중사고,2022031100100141,2022년 3월 11일 11시,금요일,부산광역시 북구 금곡동,중상사고,0,1,0,0,차대사람 - 기타,안전운전불이행,건조,맑음,단일로 - 지하차도(도로)내,승용,남,47세,상해없음,보행자,여,75세,중상
횡단보도외횡단중사고,2022031100100177,2022년 3월 11일 12시,금요일,부산광역시 사상구 괘법동,경상사고,0,0,1,0,차대사람 - 차도통행중,안전운전불이행,건조,맑음,단일로 - 기타,승용,남,60세,상해없음,보행자,남,77세,경상
횡단보도외횡단중사고,2022031100100359,2022년 3월 11일 18시,금요일,부산광역시 사상구 주례동,경상사고,0,0,1,0,차대사람 - 횡단중,안전운전불이행,건조,맑음,단일로 - 기타,승용,남,33세,상해없음,보행자,남,80세,경상
횡단보도외횡단중사고,2022031400100165,2022년 3월 14일 12시,월요일,부산광역시 사상구 학장동,경상사고,0,0,1,0,차대사람 - 기타,안전운전불이행,기타,맑음,단일로 - 기타,승용,여,60세,상해없음,보행자,여,75세,경상
횡단보도외횡단중사고,2022031400100355,2022년 3월 14일 19시,월요일,부산광역시 동구 초량동,중상사고,0,1,0,0,차대사람 - 기타,안전운전불이행,건조,맑음,단일로 - 기타,승용,남,67세,상해없음,보행자,여,67세,중상
횡단보도외횡단중사고,2022031600100369,2022년 3월 16일 19시,수요일,부산광역시 해운대구 우동,중상사고,0,1,0,0,차대사람 - 기타,안전운전불이행,건조,맑음,단일로 - 기타,승용,남,42세,상해없음,보행자,여,49세,중상
횡단보도외횡단중사고,2022031700100053,2022년 3월 17일 08시,목요일,부산광역시 동래구 온천동,중상사고,0,1,0,0,차대사람 - 보도통행중,안전운전불이행,건조,맑음,교차로 - 교차로안,승용,남,64세,상해없음,보행자,여,80세,중상
횡단보도외횡단중사고,2022031700100204,2022년 3월 17일 15시,목요일,부산광역시 동구 범일동,경상사고,0,0,1,0,차대사람 - 횡단중,보행자보호의무위반,젖음/습기,비,단일로 - 기타,승용,남,55세,상해없음,보행자,남,64세,경상
횡단보도외횡단중사고,2022031700100375,2022년 3월 17일 20시,목요일,부산광역시 남구 용호동,중상사고,0,1,0,0,차대사람 - 보도통행중,안전운전불이행,젖음/습기,비,단일로 - 기타,이륜,남,16세,기타불명,보행자,남,61세,중상
횡단보도외횡단중사고,2022032000100167,2022년 3월 20일 16시,일요일,부산광역시 금정구 장전동,중상사고,0,1,0,0,차대사람 - 횡단중,보행자보호의무위반,건조,맑음,교차로 - 교차로안,승용,남,32세,상해없음,보행자,여,87세,중상
횡단보도외횡단중사고,2022032100100001,2022년 3월 21일 00시,월요일,부산광역시 부산진구 부전동,경상사고,0,0,1,0,차대사람 - 횡단중,안전운전불이행,건조,맑음,기타 - 기타,승용,남,59세,상해없음,보행자,남,28세,경상
횡단보도외횡단중사고,2022032100100108,2022년 3월 21일 10시,월요일,부산광역시 북구 구포동,중상사고,0,1,0,0,차대사람 - 기타,안전운전불이행,건조,맑음,기타 - 기타,화물,남,61세,상해없음,보행자,여,79세,중상
횡단보도외횡단중사고,2022032100100294,2022년 3월 21일 17시,월요일,부산광역시 동래구 온천동,경상사고,0,0,1,0,차대사람 - 기타,안전운전불이행,건조,맑음,교차로 - 교차로부근,승합,남,79세,상해없음,보행자,남,24세,경상
횡단보도외횡단중사고,2022032200100378,2022년 3월 22일 20시,화요일,부산광역시 동구 좌천동,중상사고,0,1,0,0,차대사람 - 횡단중,안전운전불이행,건조,맑음,단일로 - 기타,승용,남,74세,상해없음,보행자,여,61세,중상
횡단보도외횡단중사고,2022032500100113,2022년 3월 25일 10시,금요일,부산광역시 부산진구 전포동,경상사고,0,0,1,0,차대사람 - 횡단중,안전운전불이행,건조,맑음,단일로 - 기타,화물,남,54세,상해없음,보행자,여,77세,경상
횡단보도외횡단중사고,2022032600100007,2022년 3월 26일 00시,토요일,부산광역시 중구 부평동2가,중상사고,0,1,0,0,차대사람 - 횡단중,안전운전불이행,젖음/습기,비,단일로 - 기타,이륜,남,19세,상해없음,보행자,남,61세,중상
횡단보도외횡단중사고,2022032600100299,2022년 3월 26일 17시,토요일,부산광역시 부산진구 부전동,경상사고,0,0,1,0,차대사람 - 차도통행중,안전운전불이행,건조,맑음,교차로 - 교차로안,승용,남,64세,상해없음,보행자,남,23세,경상
횡단보도외횡단중사고,2022032700100079,2022년 3월 27일 11시,일요일,부산광역시 금정구 부곡동,중상사고,0,1,0,0,차대사람 - 기타,안전운전불이행,건조,맑음,교차로 - 교차로안,승용,여,58세,상해없음,보행자,남,57세,중상
횡단보도외횡단중사고,2.02203E+15,2022년 3월 27일 11시,일요일,부산광역시 강서구 명지동,중상사고,0,1,0,0,차대사람 - 횡단중,안전운전불이행,건조,맑음,교차로 - 교차로부근,승용,남,54세,상해없음,보행자,여,68세,중상
횡단보도외횡단중사고,2022032800100128,2022년 3월 28일 10시,월요일,부산광역시 동구 범일동,중상사고,0,1,0,0,차대사람 - 기타,안전운전불이행,건조,맑음,단일로 - 기타,승용,남,59세,상해없음,보행자,여,69세,중상
횡단보도외횡단중사고,2.02203E+15,2022년 3월 29일 14시,화요일,부산광역시 중구 남포동4가,경상사고,0,0,1,0,차대사람 - 횡단중,안전운전불이행,건조,맑음,교차로 - 교차로안,화물,남,36세,상해없음,보행자,남,72세,경상
횡단보도외횡단중사고,2.02203E+15,2022년 3월 29일 18시,화요일,부산광역시 동래구 낙민동,부상신고사고,0,0,0,1,차대사람 - 기타,안전운전불이행,건조,맑음,교차로 - 교차로부근,승용,남,37세,상해없음,보행자,남,31세,부상신고
횡단보도외횡단중사고,2022033100100381,2022년 3월 31일 19시,목요일,부산광역시 강서구 송정동,중상사고,0,1,0,0,차대사람 - 횡단중,안전운전불이행,젖음/습기,비,교차로 - 교차로안,화물,남,43세,상해없음,보행자,남,60세,중상
횡단보도외횡단중사고,2022040100100367,2022년 4월 1일 18시,금요일,부산광역시 해운대구 중동,경상사고,0,0,1,0,차대사람 - 횡단중,안전운전불이행,건조,맑음,단일로 - 기타,승용,남,29세,상해없음,보행자,여,18세,경상
횡단보도외횡단중사고,2022040100100407,2022년 4월 1일 19시,금요일,부산광역시 동구 초량동,경상사고,0,0,1,0,차대사람 - 차도통행중,보행자보호의무위반,건조,맑음,교차로 - 교차로안,승용,남,69세,상해없음,보행자,여,57세,경상
횡단보도외횡단중사고,2022040100100449,2022년 4월 1일 20시,금요일,부산광역시 사상구 학장동,중상사고,0,1,0,0,차대사람 - 횡단중,안전운전불이행,건조,맑음,단일로 - 기타,승용,남,20세,상해없음,보행자,여,70세,중상
횡단보도외횡단중사고,2022040200100511,2022년 4월 2일 22시,토요일,부산광역시 금정구 부곡동,경상사고,0,0,1,0,차대사람 - 횡단중,보행자보호의무위반,건조,맑음,단일로 - 기타,이륜,남,30세,상해없음,보행자,남,51세,경상
횡단보도외횡단중사고,2022040200100541,2022년 4월 2일 23시,토요일,부산광역시 부산진구 부전동,중상사고,0,1,0,0,차대사람 - 횡단중,안전운전불이행,건조,맑음,단일로 - 기타,승용,남,23세,상해없음,보행자,남,35세,중상
횡단보도외횡단중사고,2022040300100399,2022년 4월 3일 22시,일요일,부산광역시 금정구 서동,중상사고,0,1,0,0,차대사람 - 횡단중,안전운전불이행,건조,맑음,단일로 - 기타,승용,남,72세,상해없음,보행자,남,64세,중상
횡단보도외횡단중사고,2022040400100449,2022년 4월 4일 19시,월요일,부산광역시 영도구 봉래동3가,경상사고,0,0,1,0,차대사람 - 차도통행중,안전운전불이행,건조,맑음,교차로 - 교차로안,승용,남,31세,상해없음,보행자,남,60세,경상
횡단보도외횡단중사고,2022040400100477,2022년 4월 4일 20시,월요일,부산광역시 부산진구 당감동,중상사고,0,1,0,0,차대사람 - 차도통행중,안전운전불이행,건조,맑음,단일로 - 기타,승용,여,42세,상해없음,보행자,여,60세,중상
횡단보도외횡단중사고,2022040600100127,2022년 4월 6일 10시,수요일,부산광역시 기장군 철마면,경상사고,0,0,1,0,차대사람 - 기타,안전운전불이행,건조,맑음,단일로 - 기타,승용,여,63세,상해없음,보행자,여,93세,경상
횡단보도외횡단중사고,2022040600100259,2022년 4월 6일 15시,수요일,부산광역시 부산진구 연지동,중상사고,0,1,0,0,차대사람 - 횡단중,안전운전불이행,건조,맑음,교차로 - 교차로안,승용,여,53세,상해없음,보행자,여,89세,중상
횡단보도외횡단중사고,2022040600100336,2022년 4월 6일 17시,수요일,부산광역시 사상구 덕포동,중상사고,0,1,0,0,차대사람 - 횡단중,안전운전불이행,건조,맑음,단일로 - 기타,승용,여,53세,상해없음,보행자,여,6세,중상
횡단보도외횡단중사고,2022040700100453,2022년 4월 7일 19시,목요일,부산광역시 부산진구 양정동,중상사고,0,1,0,0,차대사람 - 기타,안전운전불이행,건조,맑음,단일로 - 기타,승용,남,56세,상해없음,보행자,여,71세,중상
횡단보도외횡단중사고,2022040800100187,2022년 4월 8일 11시,금요일,부산광역시 북구 구포동,경상사고,0,0,1,0,차대사람 - 횡단중,안전운전불이행,건조,맑음,단일로 - 지하차도(도로)내,이륜,남,26세,상해없음,보행자,여,81세,경상
횡단보도외횡단중사고,2022040800100319,2022년 4월 8일 15시,금요일,부산광역시 동래구 칠산동,경상사고,0,0,1,0,차대사람 - 기타,안전운전불이행,건조,맑음,단일로 - 기타,승용,여,47세,상해없음,보행자,남,60세,경상
횡단보도외횡단중사고,2.02204E+15,2022년 4월 8일 15시,금요일,부산광역시 금정구 부곡동,경상사고,0,0,1,0,차대사람 - 횡단중,안전운전불이행,건조,맑음,단일로 - 기타,이륜,남,19세,상해없음,보행자,여,83세,경상
횡단보도외횡단중사고,2022040800100475,2022년 4월 8일 18시,금요일,부산광역시 사상구 모라동,경상사고,0,0,1,0,차대사람 - 기타,안전운전불이행,건조,맑음,단일로 - 기타,화물,남,59세,상해없음,보행자,남,10세,경상
횡단보도외횡단중사고,2022040800100528,2022년 4월 8일 19시,금요일,부산광역시 사하구 괴정동,경상사고,0,0,1,0,차대사람 - 횡단중,안전운전불이행,건조,맑음,교차로 - 교차로안,승합,남,51세,상해없음,보행자,남,64세,경상
횡단보도외횡단중사고,2022040800100529,2022년 4월 8일 19시,금요일,부산광역시 연제구 연산동,중상사고,0,1,0,0,차대사람 - 횡단중,신호위반,건조,맑음,단일로 - 기타,이륜,남,41세,상해없음,보행자,여,68세,중상
횡단보도외횡단중사고,2.02204E+15,2022년 4월 8일 19시,금요일,부산광역시 강서구 대저1동,중상사고,0,1,0,0,차대사람 - 횡단중,안전운전불이행,건조,맑음,교차로 - 교차로안,화물,남,46세,상해없음,보행자,남,79세,중상
횡단보도외횡단중사고,2022040800100531,2022년 4월 8일 19시,금요일,부산광역시 강서구 명지동,중상사고,0,1,0,0,차대사람 - 기타,안전운전불이행,건조,맑음,단일로 - 기타,승용,남,58세,상해없음,보행자,여,42세,중상
횡단보도외횡단중사고,2022041100100261,2022년 4월 11일 13시,월요일,부산광역시 금정구 부곡동,경상사고,0,0,1,0,차대사람 - 횡단중,안전운전불이행,건조,맑음,교차로 - 교차로안,화물,남,58세,상해없음,보행자,남,76세,경상
횡단보도외횡단중사고,2022041100100262,2022년 4월 11일 13시,월요일,부산광역시 사상구 모라동,경상사고,0,0,1,0,차대사람 - 횡단중,보행자보호의무위반,건조,맑음,교차로 - 교차로부근,화물,남,52세,상해없음,보행자,여,74세,경상
횡단보도외횡단중사고,2022041200100243,2022년 4월 12일 13시,화요일,부산광역시 금정구 회동동,중상사고,0,1,0,0,차대사람 - 횡단중,안전운전불이행,건조,맑음,교차로 - 교차로안,화물,남,64세,상해없음,보행자,남,76세,중상
횡단보도외횡단중사고,2022041200100416,2022년 4월 12일 18시,화요일,부산광역시 사하구 하단동,중상사고,0,1,0,0,차대사람 - 횡단중,안전운전불이행,건조,맑음,단일로 - 기타,승합,남,38세,상해없음,보행자,남,49세,중상
횡단보도외횡단중사고,2022041200100483,2022년 4월 12일 20시,화요일,부산광역시 수영구 민락동,중상사고,0,1,0,0,차대사람 - 횡단중,안전운전불이행,건조,맑음,교차로 - 교차로안,승용,여,51세,상해없음,보행자,남,33세,중상
횡단보도외횡단중사고,2022041200100535,2022년 4월 12일 22시,화요일,부산광역시 북구 구포동,사망사고,1,0,0,0,차대사람 - 기타,안전운전불이행,건조,맑음,단일로 - 기타,승용,남,38세,상해없음,보행자,남,14세,사망
횡단보도외횡단중사고,2022041300100268,2022년 4월 13일 15시,수요일,부산광역시 중구 부평동2가,중상사고,0,1,0,0,차대사람 - 차도통행중,안전운전불이행,건조,맑음,단일로 - 기타,승용,남,35세,상해없음,보행자,여,65세,중상
횡단보도외횡단중사고,2022041300100341,2022년 4월 13일 17시,수요일,부산광역시 금정구 금사동,경상사고,0,0,1,0,차대사람 - 차도통행중,안전운전불이행,건조,맑음,교차로 - 교차로안,승용,여,29세,상해없음,보행자,남,27세,경상
횡단보도외횡단중사고,2022041300100429,2022년 4월 13일 19시,수요일,부산광역시 동래구 사직동,경상사고,0,0,1,0,차대사람 - 차도통행중,안전운전불이행,건조,맑음,단일로 - 기타,승용,남,53세,상해없음,보행자,여,7세,경상
횡단보도외횡단중사고,2022041400100431,2022년 4월 14일 19시,목요일,부산광역시 영도구 동삼동,경상사고,0,0,1,0,차대사람 - 차도통행중,안전운전불이행,건조,맑음,단일로 - 기타,승용,남,53세,상해없음,보행자,여,13세,경상
횡단보도외횡단중사고,2022041500100022,2022년 4월 15일 04시,금요일,부산광역시 북구 덕천동,중상사고,0,1,0,0,차대사람 - 기타,안전운전불이행,건조,맑음,단일로 - 기타,승용,남,64세,상해없음,보행자,여,81세,중상
횡단보도외횡단중사고,2.02204E+15,2022년 4월 15일 07시,금요일,부산광역시 해운대구 반여동,경상사고,0,0,1,0,차대사람 - 횡단중,안전운전불이행,건조,맑음,교차로 - 교차로안,승용,남,68세,상해없음,보행자,남,68세,경상
횡단보도외횡단중사고,2022041500100399,2022년 4월 15일 17시,금요일,부산광역시 부산진구 범천동,경상사고,0,0,1,0,차대사람 - 기타,안전운전불이행,건조,맑음,교차로 - 교차로부근,화물,남,51세,상해없음,보행자,남,59세,경상
횡단보도외횡단중사고,2022041600100442,2022년 4월 16일 17시,토요일,부산광역시 해운대구 반여동,경상사고,0,0,1,0,차대사람 - 횡단중,신호위반,건조,맑음,단일로 - 지하차도(도로)내,자전거,남,14세,상해없음,보행자,여,69세,경상
횡단보도외횡단중사고,2022041600100522,2022년 4월 16일 19시,토요일,부산광역시 동래구 온천동,중상사고,0,1,0,0,차대사람 - 횡단중,안전운전불이행,건조,맑음,단일로 - 기타,승용,남,60세,상해없음,보행자,남,87세,중상
횡단보도외횡단중사고,2022041700100164,2022년 4월 17일 12시,일요일,부산광역시 금정구 부곡동,경상사고,0,0,1,0,차대사람 - 기타,교차로운행방법위반,건조,맑음,교차로 - 교차로부근,이륜,남,41세,상해없음,보행자,여,67세,경상
횡단보도외횡단중사고,2022041800100276,2022년 4월 18일 14시,월요일,부산광역시 북구 금곡동,중상사고,0,1,0,0,차대사람 - 길가장자리구역통행중,안전운전불이행,건조,맑음,기타 - 기타,승합,남,62세,상해없음,보행자,여,82세,중상
횡단보도외횡단중사고,2022041900100433,2022년 4월 19일 17시,화요일,부산광역시 동구 범일동,중상사고,0,1,0,0,차대사람 - 횡단중,안전운전불이행,건조,맑음,단일로 - 기타,승용,여,39세,상해없음,보행자,여,83세,중상
횡단보도외횡단중사고,2022042000100218,2022년 4월 20일 11시,수요일,부산광역시 북구 만덕동,중상사고,0,1,1,0,차대사람 - 기타,안전운전불이행,건조,맑음,교차로 - 교차로안,화물,남,22세,상해없음,보행자,여,75세,중상
횡단보도외횡단중사고,2.02204E+15,2022년 4월 20일 20시,수요일,부산광역시 남구 대연동,경상사고,0,0,1,0,차대사람 - 횡단중,신호위반,건조,맑음,단일로 - 기타,이륜,남,63세,상해없음,보행자,남,26세,경상