사고부문,사고번호,사고일시,요일,시군구,사고내용,사망자수,중상자수,경상자수,부상신고자수,사고유형,법규위반,노면상태,기상상태,도로형태,가해운전자 차종,가해운전자 성별,가해운전자 연령,가해운전자 상해정도,피해운전자 차종,피해운전자 성별,피해운전자 연령,피해운전자 상해정도
횡단보도외횡단중사고,2022042100100071,2022년 4월 21일 08시,목요일,부산광역시 남구 용호동,중상사고,0,1,0,0,차대사람 - 기타,안전운전불이행,건조,맑음,교차로 - 교차로안,승합,남,61세,상해없음,보행자,여,13세,중상
횡단보도외횡단중사고,2022042100100204,2022년 4월 21일 12시,목요일,부산광역시 북구 구포동,경상사고,0,0,1,0,차대사람 - 차도통행중,안전운전불이행,건조,맑음,교차로 - 교차로안,승용,남,68세,상해없음,보행자,남,48세,경상
횡단보도외횡단중사고,2022042100100397,2022년 4월 21일 18시,목요일,부산광역시 동래구 사직동,경상사고,0,0,1,0,차대사람 - 횡단중,안전운전불이행,건조,맑음,단일로 - 기타,승용,남,35세,상해없음,보행자,여,9세,경상
횡단보도외횡단중사고,2022042100100501,2022년 4월 21일 21시,목요일,부산광역시 강서구 대저1동,사망사고,1,0,0,0,차대사람 - 차도통행중,안전운전불이행,건조,맑음,단일로 - 기타,화물,남,76세,상해없음,보행자,남,64세,사망
횡단보도외횡단중사고,2022042300100445,2022년 4월 23일 19시,토요일,부산광역시 수영구 광안동,경상사고,0,0,1,0,차대사람 - 횡단중,안전운전불이행,건조,맑음,교차로 - 교차로안,승용,남,71세,상해없음,보행자,여,61세,경상
횡단보도외횡단중사고,2022042300100483,2022년 4월 23일 20시,토요일,부산광역시 중구 중앙동7가,중상사고,0,1,0,0,차대사람 - 횡단중,안전운전불이행,건조,맑음,단일로 - 기타,승용,남,58세,상해없음,보행자,여,19세,중상
횡단보도외횡단중사고,2022042500100029,2022년 4월 25일 05시,월요일,부산광역시 수영구 민락동,중상사고,0,1,0,0,차대사람 - 횡단중,안전운전불이행,건조,맑음,교차로 - 교차로부근,승용,남,29세,상해없음,보행자,여,76세,중상
횡단보도외횡단중사고,2022042500100184,2022년 4월 25일 11시,월요일,부산광역시 사상구 모라동,경상사고,0,0,1,0,차대사람 - 횡단중,안전운전불이행,건조,맑음,단일로 - 기타,화물,남,65세,기타불명,보행자,여,79세,경상
횡단보도외횡단중사고,2022042500100463,2022년 4월 25일 18시,월요일,부산광역시 해운대구 반여동,경상사고,0,0,1,0,차대사람 - 보도통행중,안전운전불이행,건조,맑음,교차로 - 교차로부근,화물,남,74세,상해없음,보행자,남,51세,경상
횡단보도외횡단중사고,2022042600100036,2022년 4월 26일 02시,화요일,부산광역시 북구 화명동,중상사고,0,1,0,0,차대사람 - 기타,안전운전불이행,젖음/습기,비,단일로 - 기타,이륜,남,24세,상해없음,보행자,여,71세,중상
횡단보도외횡단중사고,2022042600100189,2022년 4월 26일 10시,화요일,부산광역시 영도구 청학동,중상사고,0,1,0,0,차대사람 - 횡단중,안전운전불이행,건조,맑음,교차로 - 교차로안,승용,남,66세,상해없음,보행자,여,75세,중상
횡단보도외횡단중사고,2022042700100453,2022년 4월 27일 18시,수요일,부산광역시 부산진구 부전동,경상사고,0,0,1,0,차대사람 - 기타,안전운전불이행,건조,맑음,단일로 - 기타,승용,여,51세,상해없음,보행자,여,26세,경상
횡단보도외횡단중사고,2022042800100442,2022년 4월 28일 18시,목요일,부산광역시 남구 대연동,경상사고,0,0,1,0,차대사람 - 기타,안전운전불이행,건조,맑음,교차로 - 교차로안,승용,남,60세,상해없음,보행자,남,28세,경상
횡단보도외횡단중사고,2022042800100473,2022년 4월 28일 19시,목요일,부산광역시 금정구 부곡동,경상사고,0,0,1,0,차대사람 - 횡단중,안전운전불이행,건조,맑음,교차로 - 교차로안,승용,여,30세,상해없음,보행자,여,27세,경상
횡단보도외횡단중사고,2022042900100016,2022년 4월 29일 01시,금요일,부산광역시 동래구 온천동,경상사고,0,0,1,0,차대사람 - 횡단중,안전운전불이행,건조,맑음,단일로 - 기타,승용,남,65세,상해없음,보행자,여,61세,경상
횡단보도외횡단중사고,2.02204E+15,2022년 4월 29일 08시,금요일,부산광역시 영도구 동삼동,중상사고,0,1,0,0,차대사람 - 기타,안전운전불이행,젖음/습기,비,교차로 - 교차로부근,승합,남,54세,상해없음,보행자,여,75세,중상
횡단보도외횡단중사고,2022050200100049,2022년 5월 2일 07시,월요일,부산광역시 북구 금곡동,중상사고,0,1,0,0,차대사람 - 기타,안전운전불이행,건조,맑음,교차로 - 교차로안,화물,남,22세,상해없음,보행자,여,72세,중상
횡단보도외횡단중사고,2022050200100194,2022년 5월 2일 11시,월요일,부산광역시 사하구 구평동,중상사고,0,1,0,0,차대사람 - 횡단중,안전운전불이행,건조,맑음,단일로 - 기타,승용,남,76세,상해없음,보행자,여,32세,중상
횡단보도외횡단중사고,2022050300100334,2022년 5월 3일 15시,화요일,부산광역시 해운대구 우동,중상사고,0,1,0,0,차대사람 - 기타,안전운전불이행,건조,맑음,교차로 - 교차로안,승합,여,58세,상해없음,보행자,여,77세,중상
횡단보도외횡단중사고,2022050400100106,2022년 5월 4일 08시,수요일,부산광역시 강서구 신호동,경상사고,0,0,1,0,차대사람 - 횡단중,안전운전불이행,건조,맑음,교차로 - 교차로안,승용,여,32세,상해없음,보행자,여,9세,경상
횡단보도외횡단중사고,2022050400100421,2022년 5월 4일 16시,수요일,부산광역시 부산진구 부전동,경상사고,0,0,1,0,차대사람 - 기타,보행자보호의무위반,건조,맑음,교차로 - 교차로안,승용,남,35세,상해없음,보행자,남,47세,경상
횡단보도외횡단중사고,2022050700100298,2022년 5월 7일 15시,토요일,부산광역시 금정구 장전동,경상사고,0,0,1,0,차대사람 - 횡단중,안전운전불이행,건조,맑음,단일로 - 지하차도(도로)내,승용,남,79세,상해없음,보행자,여,60세,경상
횡단보도외횡단중사고,2022050700100437,2022년 5월 7일 19시,토요일,부산광역시 북구 화명동,중상사고,0,1,0,0,차대사람 - 횡단중,안전운전불이행,건조,맑음,단일로 - 지하차도(도로)내,화물,남,26세,상해없음,보행자,남,52세,중상
횡단보도외횡단중사고,2022050900100021,2022년 5월 9일 02시,월요일,부산광역시 부산진구 당감동,중상사고,0,1,0,0,차대사람 - 횡단중,안전운전불이행,건조,기타,단일로 - 기타,승용,남,32세,상해없음,보행자,남,68세,중상
횡단보도외횡단중사고,2022050900100385,2022년 5월 9일 16시,월요일,부산광역시 중구 중앙동4가,경상사고,0,0,1,0,차대사람 - 차도통행중,신호위반,건조,맑음,단일로 - 기타,이륜,남,18세,상해없음,보행자,여,53세,경상
횡단보도외횡단중사고,2022051000100056,2022년 5월 10일 07시,화요일,부산광역시 사하구 장림동,중상사고,0,1,0,0,차대사람 - 차도통행중,안전운전불이행,건조,맑음,교차로 - 교차로안,승용,남,70세,상해없음,보행자,남,17세,중상
횡단보도외횡단중사고,2022051100100568,2022년 5월 11일 23시,수요일,부산광역시 남구 대연동,경상사고,0,0,1,0,차대사람 - 횡단중,신호위반,건조,맑음,교차로 - 교차로부근,승용,남,71세,상해없음,보행자,여,26세,경상
횡단보도외횡단중사고,2022051200100223,2022년 5월 12일 12시,목요일,부산광역시 금정구 구서동,중상사고,0,1,0,0,차대사람 - 횡단중,안전운전불이행,건조,맑음,교차로 - 교차로안,승용,여,53세,상해없음,보행자,남,78세,중상
횡단보도외횡단중사고,2022051200100319,2022년 5월 12일 15시,목요일,부산광역시 기장군 정관읍,중상사고,0,1,0,0,차대사람 - 횡단중,신호위반,건조,맑음,단일로 - 기타,화물,남,53세,상해없음,보행자,남,10세,중상
횡단보도외횡단중사고,2022051200100491,2022년 5월 12일 19시,목요일,부산광역시 연제구 거제동,중상사고,0,1,0,0,차대사람 - 기타,안전운전불이행,건조,맑음,단일로 - 기타,승용,여,35세,상해없음,보행자,남,74세,중상
횡단보도외횡단중사고,2022051300100414,2022년 5월 13일 17시,금요일,부산광역시 강서구 명지동,경상사고,0,0,1,0,차대사람 - 기타,안전운전불이행,건조,맑음,단일로 - 기타,승용,남,38세,상해없음,보행자,여,77세,경상
횡단보도외횡단중사고,2022051500100249,2022년 5월 15일 14시,일요일,부산광역시 남구 문현동,중상사고,0,1,0,0,차대사람 - 횡단중,안전운전불이행,건조,맑음,교차로 - 교차로부근,승용,여,24세,상해없음,보행자,여,76세,중상
횡단보도외횡단중사고,2022051700100366,2022년 5월 17일 16시,화요일,부산광역시 영도구 동삼동,경상사고,0,0,1,0,차대사람 - 차도통행중,안전운전불이행,건조,맑음,교차로 - 교차로부근,승합,남,45세,상해없음,보행자,남,6세,경상
횡단보도외횡단중사고,2.02205E+15,2022년 5월 17일 16시,화요일,부산광역시 기장군 기장읍,중상사고,0,2,0,0,차대사람 - 횡단중,안전운전불이행,건조,맑음,교차로 - 교차로부근,승용,남,68세,상해없음,보행자,여,17세,중상
횡단보도외횡단중사고,2022051700100463,2022년 5월 17일 18시,화요일,부산광역시 부산진구 전포동,경상사고,0,0,1,0,차대사람 - 차도통행중,안전운전불이행,건조,맑음,단일로 - 기타,이륜,남,24세,상해없음,보행자,여,8세,경상
횡단보도외횡단중사고,2022051900100097,2022년 5월 19일 08시,목요일,부산광역시 동래구 온천동,경상사고,0,0,1,0,차대사람 - 횡단중,안전운전불이행,건조,맑음,교차로 - 교차로부근,승용,남,34세,상해없음,보행자,여,16세,경상
횡단보도외횡단중사고,2022051900100226,2022년 5월 19일 12시,목요일,부산광역시 동구 초량동,중상사고,0,1,0,0,차대사람 - 기타,안전운전불이행,건조,맑음,단일로 - 기타,화물,남,65세,상해없음,보행자,여,72세,중상
횡단보도외횡단중사고,2022051900100522,2022년 5월 19일 21시,목요일,부산광역시 북구 만덕동,경상사고,0,0,1,0,차대사람 - 횡단중,신호위반,건조,맑음,교차로 - 교차로안,승용,남,64세,상해없음,보행자,남,61세,경상
횡단보도외횡단중사고,2022052000100549,2022년 5월 20일 19시,금요일,부산광역시 남구 대연동,경상사고,0,0,1,0,차대사람 - 횡단중,안전운전불이행,건조,맑음,교차로 - 교차로안,승용,남,49세,상해없음,보행자,여,43세,경상
횡단보도외횡단중사고,2022052000100582,2022년 5월 20일 20시,금요일,부산광역시 기장군 정관읍,경상사고,0,0,1,0,차대사람 - 기타,안전운전불이행,건조,맑음,교차로 - 교차로부근,승용,남,45세,상해없음,보행자,남,6세,경상
횡단보도외횡단중사고,2022052100100559,2022년 5월 21일 21시,토요일,부산광역시 부산진구 부전동,경상사고,0,0,1,0,차대사람 - 횡단중,안전운전불이행,건조,맑음,단일로 - 기타,승용,남,68세,상해없음,보행자,남,5세,경상
횡단보도외횡단중사고,2022052300100384,2022년 5월 23일 16시,월요일,부산광역시 동래구 사직동,경상사고,0,0,1,0,차대사람 - 기타,안전운전불이행,건조,맑음,교차로 - 교차로부근,승용,남,72세,상해없음,보행자,남,38세,경상
횡단보도외횡단중사고,2022052400100071,2022년 5월 24일 08시,화요일,부산광역시 금정구 장전동,경상사고,0,0,1,0,차대사람 - 기타,안전운전불이행,건조,맑음,교차로 - 교차로부근,승용,여,51세,상해없음,보행자,남,37세,경상
횡단보도외횡단중사고,2022052400100297,2022년 5월 24일 14시,화요일,부산광역시 기장군 기장읍,경상사고,0,0,1,0,차대사람 - 기타,안전운전불이행,건조,맑음,교차로 - 교차로안,이륜,남,38세,상해없음,보행자,여,72세,경상
횡단보도외횡단중사고,2022052400100561,2022년 5월 24일 21시,화요일,부산광역시 수영구 광안동,중상사고,0,1,0,0,차대사람 - 차도통행중,안전운전불이행,건조,맑음,단일로 - 기타,승용,남,25세,상해없음,보행자,여,79세,중상
횡단보도외횡단중사고,2022052500100197,2022년 5월 25일 11시,수요일,부산광역시 동래구 온천동,경상사고,0,0,1,0,차대사람 - 횡단중,안전운전불이행,건조,맑음,교차로 - 교차로안,승용,여,69세,상해없음,보행자,남,42세,경상
횡단보도외횡단중사고,2022052600100111,2022년 5월 26일 08시,목요일,부산광역시 부산진구 개금동,중상사고,0,1,0,0,차대사람 - 횡단중,안전운전불이행,건조,맑음,단일로 - 기타,승용,남,51세,상해없음,보행자,남,83세,중상
횡단보도외횡단중사고,2022052700100143,2022년 5월 27일 09시,금요일,부산광역시 부산진구 개금동,중상사고,0,1,0,0,차대사람 - 기타,안전운전불이행,건조,맑음,단일로 - 기타,승용,남,50세,상해없음,보행자,여,68세,중상
횡단보도외횡단중사고,2022053100100376,2022년 5월 31일 15시,화요일,부산광역시 사상구 주례동,경상사고,0,0,1,0,차대사람 - 횡단중,안전운전불이행,건조,맑음,단일로 - 기타,승용,남,73세,상해없음,보행자,남,7세,경상
횡단보도외횡단중사고,2022053100100521,2022년 5월 31일 18시,화요일,부산광역시 동구 수정동,경상사고,0,0,1,0,차대사람 - 차도통행중,안전운전불이행,건조,맑음,단일로 - 지하차도(도로)내,승용,남,65세,상해없음,보행자,남,42세,경상
횡단보도외횡단중사고,2022060200100076,2022년 6월 2일 08시,목요일,부산광역시 사하구 당리동,중상사고,0,1,0,0,차대사람 - 횡단중,안전운전불이행,건조,맑음,단일로 - 기타,승용,남,66세,상해없음,보행자,여,63세,중상
횡단보도외횡단중사고,2022060200100173,2022년 6월 2일 11시,목요일,부산광역시 동래구 사직동,중상사고,0,1,0,0,차대사람 - 횡단중,안전운전불이행,건조,맑음,단일로 - 기타,승용,남,38세,상해없음,보행자,남,26세,중상
횡단보도외횡단중사고,2022060500100224,2022년 6월 5일 15시,일요일,부산광역시 동래구 안락동,경상사고,0,0,1,0,차대사람 - 차도통행중,안전운전불이행,젖음/습기,비,교차로 - 교차로부근,승용,남,63세,상해없음,보행자,여,84세,경상
횡단보도외횡단중사고,2022060800100163,2022년 6월 8일 10시,수요일,부산광역시 사상구 감전동,경상사고,0,0,1,0,차대사람 - 횡단중,안전운전불이행,건조,맑음,단일로 - 기타,화물,남,75세,상해없음,보행자,남,72세,경상
횡단보도외횡단중사고,2022060800100243,2022년 6월 8일 13시,수요일,부산광역시 연제구 연산동,사망사고,1,0,0,0,차대사람 - 기타,안전운전불이행,건조,맑음,단일로 - 기타,이륜,남,45세,상해없음,보행자,여,65세,사망
횡단보도외횡단중사고,2022060900100053,2022년 6월 9일 07시,목요일,부산광역시 사하구 신평동,중상사고,0,1,0,0,차대사람 - 차도통행중,안전운전불이행,건조,맑음,교차로 - 교차로안,승용,남,60세,상해없음,보행자,여,62세,중상
횡단보도외횡단중사고,2022061000100286,2022년 6월 10일 14시,금요일,부산광역시 수영구 민락동,중상사고,0,1,0,0,차대사람 - 횡단중,안전운전불이행,건조,맑음,단일로 - 기타,승용,남,80세,상해없음,보행자,남,69세,중상
횡단보도외횡단중사고,2.02206E+15,2022년 6월 11일 01시,토요일,부산광역시 중구 대창동2가,중상사고,0,1,0,0,차대사람 - 횡단중,기타,건조,맑음,단일로 - 기타,이륜,남,51세,상해없음,보행자,남,40세,중상
횡단보도외횡단중사고,2022061100100503,2022년 6월 11일 20시,토요일,부산광역시 연제구 연산동,중상사고,0,1,0,0,차대사람 - 기타,교차로운행방법위반,건조,맑음,단일로 - 기타,승용,여,65세,상해없음,보행자,남,72세,중상
횡단보도외횡단중사고,2022061300100001,2022년 6월 13일 00시,월요일,부산광역시 부산진구 가야동,경상사고,0,0,1,0,차대사람 - 기타,안전운전불이행,건조,맑음,단일로 - 기타,이륜,기타불명,미분류,기타불명,보행자,남,59세,경상
횡단보도외횡단중사고,2.02206E+15,2022년 6월 13일 07시,월요일,부산광역시 금정구 노포동,중상사고,0,1,0,0,차대사람 - 기타,신호위반,건조,맑음,교차로 - 교차로부근,승용,남,30세,상해없음,보행자,남,80세,중상
횡단보도외횡단중사고,2022061300100074,2022년 6월 13일 08시,월요일,부산광역시 금정구 장전동,중상사고,0,1,0,0,차대사람 - 횡단중,안전운전불이행,건조,맑음,교차로 - 교차로안,화물,남,49세,상해없음,보행자,남,56세,중상
횡단보도외횡단중사고,2.02206E+15,2022년 6월 15일 11시,수요일,부산광역시 금정구 구서동,중상사고,0,1,0,0,차대사람 - 기타,안전운전불이행,건조,맑음,교차로 - 교차로안,승용,여,64세,상해없음,보행자,여,62세,중상
횡단보도외횡단중사고,2022061500100181,2022년 6월 15일 11시,수요일,부산광역시 사상구 주례동,사망사고,1,0,1,0,차대사람 - 횡단중,안전운전불이행,건조,맑음,교차로 - 교차로부근,승용,남,78세,상해없음,보행자,여,69세,사망
횡단보도외횡단중사고,2022061500100241,2022년 6월 15일 13시,수요일,부산광역시 영도구 동삼동,경상사고,0,0,1,0,차대사람 - 횡단중,안전운전불이행,건조,맑음,기타 - 기타,승용,남,22세,상해없음,보행자,남,9세,경상
횡단보도외횡단중사고,2022061500100295,2022년 6월 15일 15시,수요일,부산광역시 서구 동대신동1가,경상사고,0,0,1,0,차대사람 - 차도통행중,중앙선침범,건조,맑음,교차로 - 교차로안,승용,남,73세,상해없음,보행자,여,80세,경상
횡단보도외횡단중사고,2022061500100503,2022년 6월 15일 20시,수요일,부산광역시 수영구 남천동,부상신고사고,0,0,0,1,차대사람 - 횡단중,안전운전불이행,건조,맑음,교차로 - 교차로부근,승용,남,29세,상해없음,보행자,여,55세,부상신고
횡단보도외횡단중사고,2.02206E+15,2022년 6월 15일 21시,수요일,부산광역시 부산진구 양정동,경상사고,0,0,1,0,차대사람 - 기타,안전운전불이행,건조,맑음,단일로 - 기타,승용,여,45세,상해없음,보행자,남,74세,경상
횡단보도외횡단중사고,2022061600100091,2022년 6월 16일 08시,목요일,부산광역시 동래구 명륜동,중상사고,0,1,0,0,차대사람 - 횡단중,안전운전불이행,건조,맑음,단일로 - 기타,승용,여,40세,상해없음,보행자,여,32세,중상
횡단보도외횡단중사고,2022061600100251,2022년 6월 16일 13시,목요일,부산광역시 남구 대연동,중상사고,0,1,0,0,차대사람 - 차도통행중,안전운전불이행,건조,맑음,교차로 - 교차로부근,화물,남,54세,상해없음,보행자,여,77세,중상
횡단보도외횡단중사고,2022061600100396,2022년 6월 16일 17시,목요일,부산광역시 사하구 감천동,중상사고,0,1,0,0,차대사람 - 기타,안전운전불이행,건조,맑음,단일로 - 지하차도(도로)내,승용,남,66세,상해없음,보행자,남,8세,중상
횡단보도외횡단중사고,2022061600100562,2022년 6월 16일 21시,목요일,부산광역시 수영구 광안동,경상사고,0,0,1,0,차대사람 - 기타,안전운전불이행,건조,맑음,단일로 - 기타,이륜,남,34세,상해없음,보행자,남,68세,경상
횡단보도외횡단중사고,2.02206E+15,2022년 6월 17일 17시,금요일,부산광역시 남구 문현동,경상사고,0,0,1,0,차대사람 - 횡단중,안전운전불이행,건조,맑음,단일로 - 기타,승용,남,63세,상해없음,보행자,남,12세,경상
횡단보도외횡단중사고,2022061800100294,2022년 6월 18일 14시,토요일,부산광역시 동구 초량동,중상사고,0,1,0,0,차대사람 - 기타,안전운전불이행,건조,맑음,교차로 - 교차로안,승용,남,61세,상해없음,보행자,여,73세,중상
횡단보도외횡단중사고,2022061800100434,2022년 6월 18일 18시,토요일,부산광역시 영도구 대교동2가,중상사고,0,1,1,0,차대사람 - 보도통행중,안전운전불이행,건조,맑음,단일로 - 지하차도(도로)내,이륜,남,17세,경상,보행자,여,77세,중상
횡단보도외횡단중사고,2022062000100368,2022년 6월 20일 15시,월요일,부산광역시 북구 덕천동,중상사고,0,1,0,0,차대사람 - 차도통행중,안전운전불이행,건조,맑음,교차로 - 교차로안,승용,남,62세,상해없음,보행자,여,74세,중상
횡단보도외횡단중사고,2022062100100321,2022년 6월 21일 15시,화요일,부산광역시 부산진구 연지동,중상사고,0,1,0,0,차대사람 - 기타,안전운전불이행,건조,맑음,교차로 - 교차로안,승용,여,44세,상해없음,보행자,여,85세,중상
횡단보도외횡단중사고,2022062200100546,2022년 6월 22일 20시,수요일,부산광역시 금정구 회동동,중상사고,0,1,0,0,차대사람 - 차도통행중,안전운전불이행,건조,맑음,단일로 - 기타,승용,여,50세,상해없음,보행자,남,64세,중상
횡단보도외횡단중사고,2022062400100059,2022년 6월 24일 04시,금요일,부산광역시 서구 남부민동,중상사고,0,1,0,0,차대사람 - 횡단중,신호위반,젖음/습기,비,교차로 - 교차로안,이륜,남,57세,상해없음,보행자,여,78세,중상
횡단보도외횡단중사고,2022062500100585,2022년 6월 25일 21시,토요일,부산광역시 남구 대연동,부상신고사고,0,0,0,1,차대사람 - 차도통행중,안전운전불이행,건조,맑음,단일로 - 기타,승용,남,28세,기타불명,보행자,여,20세,부상신고
횡단보도외횡단중사고,2022062600100401,2022년 6월 26일 23시,일요일,부산광역시 사상구 감전동,경상사고,0,0,1,0,차대차 - 추돌,안전운전불이행,건조,맑음,단일로 - 지하차도(도로)내,승용,여,48세,기타불명,승용,남,31세,상해없음
횡단보도외횡단중사고,2022062700100088,2022년 6월 27일 08시,월요일,부산광역시 영도구 동삼동,중상사고,0,1,0,0,차대사람 - 기타,안전운전불이행,건조,맑음,기타 - 기타,승용,여,37세,상해없음,보행자,남,64세,중상
횡단보도외횡단중사고,2022062700100427,2022년 6월 27일 18시,월요일,부산광역시 동래구 안락동,경상사고,0,0,1,0,차대사람 - 차도통행중,안전운전불이행,건조,흐림,교차로 - 교차로안,승용,남,59세,상해없음,보행자,여,57세,경상
횡단보도외횡단중사고,2022062700100484,2022년 6월 27일 20시,월요일,부산광역시 사상구 감전동,부상신고사고,0,0,0,1,차대사람 - 기타,안전운전불이행,건조,맑음,기타 - 기타,승용,여,48세,상해없음,보행자,남,60세,부상신고
횡단보도외횡단중사고,2022062800100171,2022년 6월 28일 11시,화요일,부산광역시 부산진구 부전동,중상사고,0,1,0,0,차대사람 - 횡단중,보행자보호의무위반,젖음/습기,비,교차로 - 교차로안,승합,남,37세,상해없음,보행자,여,68세,중상
횡단보도외횡단중사고,2022062900100154,2022년 6월 29일 10시,수요일,부산광역시 수영구 민락동,경상사고,0,0,1,0,차대사람 - 기타,안전운전불이행,젖음/습기,맑음,교차로 - 교차로부근,화물,남,42세,상해없음,보행자,남,58세,경상
횡단보도외횡단중사고,2022063000100563,2022년 6월 30일 22시,목요일,부산광역시 남구 문현동,경상사고,0,0,1,0,차대사람 - 횡단중,안전운전불이행,건조,맑음,단일로 - 기타,화물,남,55세,상해없음,보행자,여,29세,경상
횡단보도외횡단중사고,2022063000100593,2022년 6월 30일 23시,목요일,부산광역시 사상구 삼락동,중상사고,0,1,0,0,차대사람 - 차도통행중,중앙선침범,건조,맑음,교차로 - 교차로안,화물,남,72세,상해없음,보행자,남,55세,중상
횡단보도외횡단중사고,2022070100100596,2022년 7월 1일 20시,금요일,부산광역시 부산진구 부암동,중상사고,0,1,0,0,차대사람 - 횡단중,기타,건조,맑음,교차로 - 교차로안,승용,여,53세,상해없음,보행자,남,9세,중상
횡단보도외횡단중사고,2022070200100542,2022년 7월 2일 21시,토요일,부산광역시 부산진구 부전동,중상사고,0,1,0,0,차대사람 - 횡단중,안전운전불이행,건조,맑음,교차로 - 교차로안,승용,여,21세,상해없음,보행자,남,33세,중상
횡단보도외횡단중사고,2022070300100013,2022년 7월 3일 01시,일요일,부산광역시 동래구 온천동,경상사고,0,0,1,0,차대사람 - 횡단중,안전운전불이행,건조,맑음,단일로 - 기타,이륜,남,70세,상해없음,보행자,여,53세,경상
횡단보도외횡단중사고,2022070300100165,2022년 7월 3일 12시,일요일,부산광역시 사상구 모라동,부상신고사고,0,0,0,1,차대사람 - 차도통행중,안전운전불이행,건조,맑음,교차로 - 교차로부근,승용,남,62세,상해없음,보행자,남,6세,부상신고
횡단보도외횡단중사고,2022070400100354,2022년 7월 4일 16시,월요일,부산광역시 금정구 장전동,경상사고,0,0,1,0,차대사람 - 길가장자리구역통행중,안전운전불이행,건조,맑음,단일로 - 지하차도(도로)내,자전거,남,22세,상해없음,보행자,여,49세,경상
횡단보도외횡단중사고,2022070500100128,2022년 7월 5일 09시,화요일,부산광역시 해운대구 반송동,중상사고,0,1,0,0,차대사람 - 기타,안전운전불이행,건조,맑음,단일로 - 기타,이륜,여,70세,상해없음,보행자,여,71세,중상
횡단보도외횡단중사고,2022070500100561,2022년 7월 5일 22시,화요일,부산광역시 중구 보수동1가,중상사고,0,1,0,0,차대사람 - 차도통행중,안전운전불이행,건조,맑음,교차로 - 교차로안,승용,남,29세,상해없음,보행자,여,61세,중상
횡단보도외횡단중사고,2022070600100023,2022년 7월 6일 04시,수요일,부산광역시 연제구 연산동,중상사고,0,1,0,0,차대사람 - 횡단중,안전운전불이행,건조,맑음,교차로 - 교차로안,승용,여,50세,상해없음,보행자,남,86세,중상
횡단보도외횡단중사고,2022070600100088,2022년 7월 6일 08시,수요일,부산광역시 사하구 감천동,중상사고,0,1,0,0,차대사람 - 횡단중,안전운전불이행,건조,맑음,단일로 - 기타,자전거,남,16세,상해없음,보행자,여,73세,중상
횡단보도외횡단중사고,2022070600100159,2022년 7월 6일 10시,수요일,부산광역시 사상구 주례동,경상사고,0,0,1,0,차대사람 - 차도통행중,안전운전불이행,건조,맑음,교차로 - 교차로안,승용,남,51세,상해없음,보행자,남,29세,경상
횡단보도외횡단중사고,2022070700100149,2022년 7월 7일 09시,목요일,부산광역시 해운대구 재송동,중상사고,0,1,0,0,차대사람 - 횡단중,안전운전불이행,건조,맑음,교차로 - 교차로안,승용,여,27세,상해없음,보행자,여,65세,중상
횡단보도외횡단중사고,2022070700100422,2022년 7월 7일 17시,목요일,부산광역시 강서구 명지동,경상사고,0,0,1,0,차대사람 - 기타,안전운전불이행,건조,맑음,단일로 - 기타,화물,남,74세,상해없음,보행자,남,42세,경상
횡단보도외횡단중사고,2022070800100013,2022년 7월 8일 01시,금요일,부산광역시 중구 중앙동4가,중상사고,0,1,0,0,차대사람 - 횡단중,안전운전불이행,건조,맑음,교차로 - 교차로안,승용,남,65세,상해없음,보행자,여,59세,중상
횡단보도외횡단중사고,2022070900100277,2022년 7월 9일 14시,토요일,부산광역시 남구 대연동,중상사고,0,1,0,0,차대사람 - 횡단중,안전운전불이행,건조,맑음,교차로 - 교차로안,화물,남,56세,상해없음,보행자,여,10세,중상
횡단보도외횡단중사고,2022070900100397,2022년 7월 9일 17시,토요일,부산광역시 사상구 괘법동,중상사고,0,1,0,0,차대사람 - 기타,안전운전불이행,건조,맑음,교차로 - 교차로안,화물,남,57세,상해없음,보행자,남,59세,중상
횡단보도외횡단중사고,2022071100100078,2022년 7월 11일 08시,월요일,부산광역시 금정구 금사동,중상사고,0,1,0,0,차대사람 - 횡단중,안전운전불이행,건조,맑음,단일로 - 기타,화물,남,36세,상해없음,보행자,남,15세,중상
횡단보도외횡단중사고,2022071100100188,2022년 7월 11일 11시,월요일,부산광역시 부산진구 가야동,경상사고,0,0,1,0,차대사람 - 기타,안전운전불이행,젖음/습기,비,단일로 - 기타,승용,여,42세,상해없음,보행자,남,73세,경상
횡단보도외횡단중사고,2022071200100472,2022년 7월 12일 21시,화요일,부산광역시 동구 수정동,경상사고,0,0,1,0,차대사람 - 보도통행중,안전운전불이행,건조,맑음,교차로 - 교차로안,승용,남,70세,상해없음,보행자,남,56세,경상
횡단보도외횡단중사고,2.02207E+15,2022년 7월 15일 08시,금요일,부산광역시 부산진구 가야동,중상사고,0,1,0,0,차대사람 - 횡단중,안전운전불이행,건조,맑음,교차로 - 교차로부근,승용,남,45세,상해없음,보행자,여,55세,중상
횡단보도외횡단중사고,2.02207E+15,2022년 7월 15일 19시,금요일,부산광역시 기장군 정관읍,경상사고,0,0,1,0,차대사람 - 횡단중,안전운전불이행,건조,맑음,교차로 - 교차로부근,승용,여,44세,상해없음,보행자,남,13세,경상