사고부문,사고번호,사고일시,요일,시군구,사고내용,사망자수,중상자수,경상자수,부상신고자수,사고유형,법규위반,노면상태,기상상태,도로형태,가해운전자 차종,가해운전자 성별,가해운전자 연령,가해운전자 상해정도,피해운전자 차종,피해운전자 성별,피해운전자 연령,피해운전자 상해정도
횡단보도외횡단중사고,2022101100100371,2022년 10월 11일 15시,화요일,부산광역시 수영구 광안동,경상사고,0,0,1,0,차대사람 - 횡단중,안전운전불이행,건조,맑음,단일로 - 기타,화물,남,64세,상해없음,보행자,여,35세,경상
횡단보도외횡단중사고,2.0221E+15,2022년 10월 11일 17시,화요일,부산광역시 기장군 장안읍,중상사고,0,1,0,0,차대사람 - 기타,안전운전불이행,건조,맑음,단일로 - 기타,승합,여,52세,상해없음,보행자,여,5세,중상
횡단보도외횡단중사고,2022101100100573,2022년 10월 11일 19시,화요일,부산광역시 동래구 낙민동,중상사고,0,1,0,0,차대사람 - 횡단중,안전운전불이행,건조,맑음,교차로 - 교차로안,승용,남,50세,상해없음,보행자,여,58세,중상
횡단보도외횡단중사고,2022101500100198,2022년 10월 15일 12시,토요일,부산광역시 동래구 사직동,중상사고,0,1,0,0,차대사람 - 횡단중,안전운전불이행,건조,맑음,단일로 - 기타,승용,남,37세,상해없음,보행자,여,78세,중상
횡단보도외횡단중사고,2022101700100181,2022년 10월 17일 10시,월요일,부산광역시 서구 부민동2가,경상사고,0,0,1,0,차대사람 - 횡단중,신호위반,건조,맑음,교차로 - 교차로부근,원동기,남,22세,상해없음,보행자,여,20세,경상
횡단보도외횡단중사고,2022101900100387,2022년 10월 19일 16시,수요일,부산광역시 해운대구 우동,중상사고,0,1,0,0,차대사람 - 차도통행중,안전운전불이행,건조,맑음,단일로 - 기타,승용,남,46세,상해없음,보행자,여,76세,중상
횡단보도외횡단중사고,2022101900100434,2022년 10월 19일 17시,수요일,부산광역시 영도구 동삼동,중상사고,0,1,0,0,차대사람 - 차도통행중,안전운전불이행,건조,맑음,교차로 - 교차로안,승용,여,70세,상해없음,보행자,여,67세,중상
횡단보도외횡단중사고,2022102200100074,2022년 10월 22일 06시,토요일,부산광역시 부산진구 부암동,중상사고,0,1,0,0,차대사람 - 기타,안전운전불이행,건조,맑음,단일로 - 기타,승합,남,48세,상해없음,보행자,남,33세,중상
횡단보도외횡단중사고,2022102300100002,2022년 10월 23일 00시,일요일,부산광역시 수영구 광안동,중상사고,0,1,0,0,차대사람 - 기타,안전운전불이행,건조,맑음,단일로 - 기타,승용,남,45세,상해없음,보행자,여,23세,중상
횡단보도외횡단중사고,2022102300100084,2022년 10월 23일 09시,일요일,부산광역시 서구 서대신동1가,중상사고,0,1,0,0,차대사람 - 횡단중,안전운전불이행,건조,맑음,단일로 - 기타,승용,여,68세,상해없음,보행자,여,8세,중상
횡단보도외횡단중사고,2022102300100364,2022년 10월 23일 19시,일요일,부산광역시 금정구 서동,경상사고,0,0,1,0,차대사람 - 횡단중,안전운전불이행,건조,맑음,교차로 - 교차로안,승용,여,56세,상해없음,보행자,남,53세,경상
횡단보도외횡단중사고,2022102400100242,2022년 10월 24일 11시,월요일,부산광역시 수영구 광안동,중상사고,0,1,0,0,차대사람 - 기타,안전운전불이행,건조,맑음,단일로 - 기타,승용,남,74세,상해없음,보행자,여,54세,중상
횡단보도외횡단중사고,2022102500100328,2022년 10월 25일 15시,화요일,부산광역시 영도구 동삼동,중상사고,0,1,0,0,차대사람 - 횡단중,기타,건조,맑음,단일로 - 기타,승용,여,48세,상해없음,보행자,여,9세,중상
횡단보도외횡단중사고,2022102500100435,2022년 10월 25일 17시,화요일,부산광역시 영도구 청학동,경상사고,0,0,1,0,차대사람 - 횡단중,안전운전불이행,건조,맑음,단일로 - 기타,화물,남,61세,상해없음,보행자,여,7세,경상
횡단보도외횡단중사고,2022102600100503,2022년 10월 26일 19시,수요일,부산광역시 영도구 영선동4가,중상사고,0,1,0,0,차대차 - 기타,중앙선침범,건조,맑음,단일로 - 기타,이륜,남,38세,기타불명,승용,남,33세,기타불명
횡단보도외횡단중사고,2022102600100608,2022년 10월 26일 22시,수요일,부산광역시 동래구 온천동,경상사고,0,0,1,0,차대사람 - 횡단중,안전운전불이행,건조,맑음,교차로 - 교차로부근,승용,남,21세,기타불명,보행자,남,16세,경상
횡단보도외횡단중사고,2022102700100192,2022년 10월 27일 10시,목요일,부산광역시 수영구 망미동,중상사고,0,1,0,0,차대사람 - 기타,안전운전불이행,건조,맑음,기타 - 기타,자전거,남,61세,상해없음,보행자,여,82세,중상
횡단보도외횡단중사고,2022102700100193,2022년 10월 27일 10시,목요일,부산광역시 사상구 주례동,중상사고,0,1,0,0,차대사람 - 횡단중,안전운전불이행,건조,맑음,단일로 - 기타,화물,남,39세,상해없음,보행자,여,60세,중상
횡단보도외횡단중사고,2022102700100294,2022년 10월 27일 13시,목요일,부산광역시 동래구 명장동,부상신고사고,0,0,0,1,차대사람 - 기타,안전운전불이행,건조,맑음,교차로 - 교차로부근,화물,남,26세,상해없음,보행자,남,66세,부상신고
횡단보도외횡단중사고,2022102700100651,2022년 10월 27일 22시,목요일,부산광역시 해운대구 우동,중상사고,0,1,0,0,차대사람 - 횡단중,안전운전불이행,건조,맑음,단일로 - 기타,승합,남,69세,상해없음,보행자,여,70세,중상
횡단보도외횡단중사고,2022102700100652,2022년 10월 27일 22시,목요일,부산광역시 부산진구 개금동,중상사고,0,1,0,0,차대사람 - 횡단중,안전운전불이행,건조,맑음,단일로 - 기타,이륜,남,20세,상해없음,보행자,남,58세,중상
횡단보도외횡단중사고,2022102800100258,2022년 10월 28일 12시,금요일,부산광역시 해운대구 재송동,경상사고,0,0,1,0,차대사람 - 횡단중,보행자보호의무위반,건조,맑음,단일로 - 기타,이륜,남,22세,상해없음,보행자,남,7세,경상
횡단보도외횡단중사고,2022102800100295,2022년 10월 28일 13시,금요일,부산광역시 동래구 온천동,사망사고,1,0,0,0,차대사람 - 횡단중,안전운전불이행,건조,맑음,교차로 - 교차로부근,특수,남,27세,상해없음,보행자,여,78세,사망
횡단보도외횡단중사고,2022102900100134,2022년 10월 29일 10시,토요일,부산광역시 해운대구 반여동,중상사고,0,1,0,0,차대사람 - 차도통행중,안전운전불이행,건조,맑음,교차로 - 교차로안,승용,남,26세,상해없음,보행자,남,60세,중상
횡단보도외횡단중사고,2022102900100175,2022년 10월 29일 11시,토요일,부산광역시 사상구 주례동,중상사고,0,1,0,0,차대사람 - 기타,안전운전불이행,건조,맑음,교차로 - 교차로안,승용,남,63세,상해없음,보행자,여,67세,중상
횡단보도외횡단중사고,2022103100100548,2022년 10월 31일 20시,월요일,부산광역시 동래구 온천동,중상사고,0,1,0,0,차대사람 - 차도통행중,안전운전불이행,건조,맑음,교차로 - 교차로안,화물,남,63세,상해없음,보행자,남,23세,중상
횡단보도외횡단중사고,2022110100100355,2022년 11월 1일 16시,화요일,부산광역시 중구 남포동2가,중상사고,0,1,0,0,차대사람 - 횡단중,안전운전불이행,건조,맑음,단일로 - 기타,화물,남,55세,상해없음,보행자,남,75세,중상
횡단보도외횡단중사고,2022110200100554,2022년 11월 2일 20시,수요일,부산광역시 수영구 남천동,경상사고,0,0,1,0,차대사람 - 기타,중앙선침범,건조,맑음,교차로 - 교차로부근,승용,여,24세,상해없음,보행자,남,73세,경상
횡단보도외횡단중사고,2022110300100341,2022년 11월 3일 16시,목요일,부산광역시 동래구 안락동,경상사고,0,0,1,0,차대사람 - 횡단중,안전운전불이행,건조,맑음,교차로 - 교차로안,승용,여,38세,상해없음,보행자,여,65세,경상
횡단보도외횡단중사고,2022110300100377,2022년 11월 3일 17시,목요일,부산광역시 사하구 하단동,경상사고,0,0,1,0,차대사람 - 횡단중,안전운전불이행,건조,맑음,단일로 - 기타,승용,남,29세,상해없음,보행자,남,9세,경상
횡단보도외횡단중사고,2022110400100024,2022년 11월 4일 03시,금요일,부산광역시 북구 덕천동,중상사고,0,1,0,0,차대사람 - 기타,안전운전불이행,건조,맑음,단일로 - 기타,승용,남,61세,상해없음,보행자,남,83세,중상
횡단보도외횡단중사고,2022110400100386,2022년 11월 4일 15시,금요일,부산광역시 사하구 하단동,중상사고,0,1,0,0,차대사람 - 차도통행중,안전운전불이행,건조,맑음,단일로 - 기타,건설기계,남,67세,상해없음,보행자,남,82세,중상
횡단보도외횡단중사고,2022110400100436,2022년 11월 4일 16시,금요일,부산광역시 금정구 구서동,경상사고,0,0,1,0,차대사람 - 횡단중,신호위반,건조,맑음,단일로 - 기타,승용,여,23세,상해없음,보행자,여,61세,경상
횡단보도외횡단중사고,2022110500100306,2022년 11월 5일 14시,토요일,부산광역시 금정구 구서동,경상사고,0,0,1,0,차대사람 - 횡단중,안전운전불이행,건조,맑음,단일로 - 기타,승용,남,74세,상해없음,보행자,남,9세,경상
횡단보도외횡단중사고,2.02211E+15,2022년 11월 5일 17시,토요일,부산광역시 금정구 장전동,중상사고,0,1,0,0,차대사람 - 횡단중,교차로운행방법위반,건조,맑음,교차로 - 교차로안,승용,남,71세,상해없음,보행자,여,82세,중상
횡단보도외횡단중사고,2022110700100131,2022년 11월 7일 09시,월요일,부산광역시 사상구 덕포동,경상사고,0,0,1,0,차대사람 - 횡단중,안전운전불이행,건조,맑음,교차로 - 교차로부근,승용,남,72세,상해없음,보행자,남,72세,경상
횡단보도외횡단중사고,2022110700100337,2022년 11월 7일 15시,월요일,부산광역시 남구 문현동,중상사고,0,1,0,0,차대사람 - 길가장자리구역통행중,안전운전불이행,건조,맑음,교차로 - 교차로부근,화물,남,59세,상해없음,보행자,여,56세,중상
횡단보도외횡단중사고,2022110700100603,2022년 11월 7일 22시,월요일,부산광역시 중구 창선동1가,경상사고,0,0,1,0,차대사람 - 차도통행중,안전운전불이행,건조,맑음,단일로 - 기타,승용,남,66세,상해없음,보행자,남,28세,경상
횡단보도외횡단중사고,2022110900100079,2022년 11월 9일 08시,수요일,부산광역시 남구 용당동,경상사고,0,0,1,0,차대사람 - 기타,안전운전불이행,건조,맑음,교차로 - 교차로부근,건설기계,남,50세,상해없음,보행자,여,83세,경상
횡단보도외횡단중사고,2022110900100335,2022년 11월 9일 16시,수요일,부산광역시 동구 초량동,중상사고,0,1,0,0,차대사람 - 횡단중,안전운전불이행,건조,맑음,단일로 - 기타,승용,남,53세,상해없음,보행자,여,10세,중상
횡단보도외횡단중사고,2022111000100332,2022년 11월 10일 15시,목요일,부산광역시 기장군 기장읍,중상사고,0,1,0,0,차대사람 - 기타,안전운전불이행,건조,맑음,기타 - 기타,승합,남,64세,상해없음,보행자,여,81세,중상
횡단보도외횡단중사고,2022111300100097,2022년 11월 13일 09시,일요일,부산광역시 수영구 광안동,경상사고,0,0,1,0,차대사람 - 길가장자리구역통행중,안전운전불이행,젖음/습기,맑음,단일로 - 기타,승용,남,74세,상해없음,보행자,여,15세,경상
횡단보도외횡단중사고,2.02211E+15,2022년 11월 14일 12시,월요일,부산광역시 서구 남부민동,경상사고,0,0,1,0,차대사람 - 횡단중,안전운전불이행,건조,맑음,단일로 - 기타,승용,남,76세,상해없음,보행자,여,62세,경상
횡단보도외횡단중사고,2.02211E+15,2022년 11월 14일 18시,월요일,부산광역시 북구 구포동,중상사고,0,1,0,0,차대사람 - 차도통행중,안전운전불이행,건조,맑음,기타 - 기타,승합,남,54세,상해없음,보행자,여,80세,중상
횡단보도외횡단중사고,2022111500100044,2022년 11월 15일 06시,화요일,부산광역시 수영구 민락동,중상사고,0,1,0,0,차대사람 - 횡단중,안전운전불이행,건조,맑음,단일로 - 기타,승용,여,59세,상해없음,보행자,여,53세,중상
횡단보도외횡단중사고,2022111700100251,2022년 11월 17일 13시,목요일,부산광역시 중구 부평동1가,경상사고,0,0,1,0,차대사람 - 횡단중,안전운전불이행,건조,맑음,단일로 - 기타,화물,남,32세,상해없음,보행자,여,65세,경상
횡단보도외횡단중사고,2022111700100508,2022년 11월 17일 19시,목요일,부산광역시 북구 덕천동,중상사고,0,1,0,0,차대사람 - 기타,안전운전불이행,건조,맑음,교차로 - 교차로안,승용,여,47세,상해없음,보행자,여,60세,중상
횡단보도외횡단중사고,2022111800100285,2022년 11월 18일 14시,금요일,부산광역시 부산진구 범천동,경상사고,0,0,1,0,차대사람 - 기타,안전운전불이행,건조,맑음,교차로 - 교차로안,승용,여,40세,상해없음,보행자,남,64세,경상
횡단보도외횡단중사고,2.02211E+15,2022년 11월 18일 15시,금요일,부산광역시 사상구 엄궁동,중상사고,0,1,0,0,차대사람 - 횡단중,안전운전불이행,건조,맑음,교차로 - 교차로안,화물,남,67세,상해없음,보행자,남,82세,중상
횡단보도외횡단중사고,2022111800100421,2022년 11월 18일 17시,금요일,부산광역시 해운대구 우동,중상사고,0,1,0,0,차대사람 - 횡단중,기타,건조,맑음,단일로 - 기타,이륜,남,22세,상해없음,보행자,남,18세,중상
횡단보도외횡단중사고,2022111900100233,2022년 11월 19일 13시,토요일,부산광역시 부산진구 부암동,중상사고,0,1,0,0,차대사람 - 횡단중,안전운전불이행,건조,맑음,교차로 - 교차로안,화물,남,59세,상해없음,보행자,남,66세,중상
횡단보도외횡단중사고,2022111900100306,2022년 11월 19일 15시,토요일,부산광역시 연제구 연산동,경상사고,0,0,1,0,차대사람 - 차도통행중,안전운전불이행,건조,맑음,교차로 - 교차로부근,승용,남,35세,상해없음,보행자,여,22세,경상
횡단보도외횡단중사고,2022111900100336,2022년 11월 19일 16시,토요일,부산광역시 남구 대연동,부상신고사고,0,0,0,1,차대사람 - 횡단중,안전운전불이행,건조,맑음,교차로 - 교차로안,승용,남,40세,상해없음,보행자,남,77세,부상신고
횡단보도외횡단중사고,2022111900100481,2022년 11월 19일 19시,토요일,부산광역시 해운대구 재송동,중상사고,0,1,0,0,차대사람 - 횡단중,안전운전불이행,건조,맑음,단일로 - 기타,승합,남,34세,상해없음,보행자,남,89세,중상
횡단보도외횡단중사고,2022112000100167,2022년 11월 20일 13시,일요일,부산광역시 북구 만덕동,경상사고,0,0,1,0,차대사람 - 횡단중,안전운전불이행,건조,맑음,교차로 - 교차로부근,승용,남,35세,상해없음,보행자,남,22세,경상
횡단보도외횡단중사고,2.02211E+15,2022년 11월 20일 18시,일요일,부산광역시 금정구 구서동,경상사고,0,0,1,0,차대사람 - 기타,안전운전불이행,건조,맑음,기타 - 기타,승용,남,61세,상해없음,보행자,여,64세,경상
횡단보도외횡단중사고,2022112100100031,2022년 11월 21일 06시,월요일,부산광역시 부산진구 가야동,중상사고,0,1,0,0,차대사람 - 횡단중,안전운전불이행,건조,맑음,교차로 - 교차로부근,승용,남,32세,상해없음,보행자,여,72세,중상
횡단보도외횡단중사고,2022112200100352,2022년 11월 22일 17시,화요일,부산광역시 영도구 봉래동1가,경상사고,0,0,1,0,차대사람 - 차도통행중,안전운전불이행,젖음/습기,비,교차로 - 교차로부근,승용,남,50세,상해없음,보행자,남,51세,경상
횡단보도외횡단중사고,2022112400100083,2022년 11월 24일 08시,목요일,부산광역시 수영구 민락동,경상사고,0,0,1,0,차대사람 - 횡단중,안전운전불이행,건조,맑음,단일로 - 기타,승용,남,69세,상해없음,보행자,남,34세,경상
횡단보도외횡단중사고,2022112500100082,2022년 11월 25일 08시,금요일,부산광역시 동래구 명륜동,부상신고사고,0,0,0,1,차대사람 - 기타,안전운전불이행,건조,맑음,교차로 - 교차로부근,승용,남,64세,상해없음,보행자,여,15세,부상신고
횡단보도외횡단중사고,2022112500100238,2022년 11월 25일 13시,금요일,부산광역시 동래구 안락동,중상사고,0,1,3,0,차대차 - 측면충돌,신호위반,건조,맑음,교차로 - 교차로안,원동기,남,18세,중상,승용,여,47세,경상
횡단보도외횡단중사고,2022112500100628,2022년 11월 25일 22시,금요일,부산광역시 동래구 안락동,중상사고,0,1,0,0,차대사람 - 기타,안전운전불이행,건조,맑음,단일로 - 기타,승용,남,31세,상해없음,보행자,남,61세,중상
횡단보도외횡단중사고,2022112600100006,2022년 11월 26일 00시,토요일,부산광역시 금정구 장전동,경상사고,0,0,1,0,차대사람 - 기타,안전운전불이행,건조,맑음,교차로 - 교차로안,승용,남,29세,상해없음,보행자,남,47세,경상
횡단보도외횡단중사고,2022112800100516,2022년 11월 28일 19시,월요일,부산광역시 동래구 수안동,중상사고,0,1,1,0,차대사람 - 차도통행중,안전운전불이행,건조,흐림,교차로 - 교차로안,승용,남,28세,상해없음,보행자,여,60세,중상
횡단보도외횡단중사고,2.02211E+15,2022년 11월 29일 16시,화요일,부산광역시 부산진구 개금동,경상사고,0,0,1,0,차대사람 - 횡단중,안전운전불이행,건조,맑음,교차로 - 교차로부근,기타불명,기타불명,미분류,기타불명,보행자,여,14세,경상
횡단보도외횡단중사고,2022113000100468,2022년 11월 30일 20시,수요일,부산광역시 동구 범일동,중상사고,0,1,0,0,차대사람 - 차도통행중,안전운전불이행,건조,맑음,단일로 - 기타,승용,남,30세,상해없음,보행자,남,77세,중상
횡단보도외횡단중사고,2022120100100181,2022년 12월 1일 11시,목요일,부산광역시 부산진구 양정동,중상사고,0,1,0,0,차대사람 - 횡단중,안전운전불이행,건조,맑음,단일로 - 기타,이륜,남,42세,기타불명,보행자,남,67세,중상
횡단보도외횡단중사고,2022120100100415,2022년 12월 1일 18시,목요일,부산광역시 중구 중앙동6가,중상사고,0,1,0,0,차대사람 - 횡단중,안전운전불이행,건조,맑음,단일로 - 기타,이륜,남,31세,상해없음,보행자,남,62세,중상
횡단보도외횡단중사고,2022120200100295,2022년 12월 2일 14시,금요일,부산광역시 동래구 명륜동,경상사고,0,0,1,0,차대사람 - 횡단중,안전운전불이행,건조,맑음,단일로 - 기타,승합,남,25세,상해없음,보행자,여,65세,경상
횡단보도외횡단중사고,2022120200100365,2022년 12월 2일 16시,금요일,부산광역시 영도구 봉래동2가,중상사고,0,1,0,0,차대사람 - 기타,안전운전불이행,건조,맑음,단일로 - 기타,승용,여,58세,상해없음,보행자,여,75세,중상
횡단보도외횡단중사고,2022120400100235,2022년 12월 4일 16시,일요일,부산광역시 부산진구 부전동,경상사고,0,0,1,0,차대사람 - 횡단중,안전운전불이행,건조,맑음,단일로 - 기타,승용,남,40세,상해없음,보행자,여,30세,경상
횡단보도외횡단중사고,2022120500100168,2022년 12월 5일 12시,월요일,부산광역시 부산진구 범천동,중상사고,0,1,0,0,차대사람 - 차도통행중,안전운전불이행,건조,맑음,단일로 - 기타,이륜,남,23세,상해없음,보행자,여,81세,중상
횡단보도외횡단중사고,2022120700100293,2022년 12월 7일 15시,수요일,부산광역시 동구 수정동,경상사고,0,0,1,0,차대사람 - 횡단중,안전운전불이행,건조,맑음,교차로 - 교차로부근,승용,남,71세,상해없음,보행자,여,69세,경상
횡단보도외횡단중사고,2.02212E+15,2022년 12월 8일 10시,목요일,부산광역시 동구 초량동,경상사고,0,0,1,0,차대사람 - 횡단중,안전운전불이행,건조,맑음,단일로 - 기타,화물,남,34세,상해없음,보행자,남,62세,경상
횡단보도외횡단중사고,2022120800100193,2022년 12월 8일 10시,목요일,부산광역시 사하구 구평동,중상사고,0,1,0,0,차대사람 - 기타,안전운전불이행,건조,맑음,단일로 - 지하차도(도로)내,화물,남,34세,상해없음,보행자,남,60세,중상
횡단보도외횡단중사고,2022121000100303,2022년 12월 10일 15시,토요일,부산광역시 동구 범일동,경상사고,0,0,1,0,차대사람 - 차도통행중,안전운전불이행,건조,맑음,단일로 - 지하차도(도로)내,승용,여,70세,상해없음,보행자,여,24세,경상
횡단보도외횡단중사고,2022121200100181,2022년 12월 12일 12시,월요일,부산광역시 서구 서대신동3가,중상사고,0,1,1,0,차대사람 - 기타,기타,건조,맑음,단일로 - 기타,승용,여,53세,상해없음,보행자,여,30세,중상
횡단보도외횡단중사고,2022121200100182,2022년 12월 12일 12시,월요일,부산광역시 부산진구 가야동,경상사고,0,0,1,0,차대사람 - 횡단중,중앙선침범,건조,맑음,단일로 - 기타,승용,여,55세,상해없음,보행자,남,14세,경상
횡단보도외횡단중사고,2022121200100399,2022년 12월 12일 18시,월요일,부산광역시 동래구 안락동,중상사고,0,1,0,0,차대사람 - 횡단중,안전운전불이행,젖음/습기,비,단일로 - 기타,화물,남,38세,상해없음,보행자,여,61세,중상
횡단보도외횡단중사고,2.02212E+15,2022년 12월 12일 18시,월요일,부산광역시 동래구 사직동,중상사고,0,1,0,0,차대사람 - 횡단중,안전운전불이행,건조,맑음,교차로 - 교차로안,승용,여,71세,상해없음,보행자,남,8세,중상
횡단보도외횡단중사고,2022121400100187,2022년 12월 14일 10시,수요일,부산광역시 수영구 남천동,중상사고,0,1,0,0,차대사람 - 차도통행중,안전운전불이행,건조,맑음,기타 - 기타,승용,남,67세,상해없음,보행자,남,26세,중상
횡단보도외횡단중사고,2022121400100249,2022년 12월 14일 12시,수요일,부산광역시 남구 대연동,경상사고,0,0,1,0,차대사람 - 기타,안전운전불이행,건조,맑음,단일로 - 기타,원동기,남,27세,상해없음,보행자,여,62세,경상
횡단보도외횡단중사고,2022121400100502,2022년 12월 14일 18시,수요일,부산광역시 금정구 남산동,중상사고,0,1,0,0,차대사람 - 길가장자리구역통행중,안전운전불이행,건조,맑음,단일로 - 기타,승용,여,37세,상해없음,보행자,여,61세,중상
횡단보도외횡단중사고,2022121400100566,2022년 12월 14일 19시,수요일,부산광역시 부산진구 개금동,중상사고,0,1,0,0,차대사람 - 횡단중,안전운전불이행,건조,맑음,단일로 - 기타,승용,남,71세,상해없음,보행자,여,21세,중상
횡단보도외횡단중사고,2022121400100662,2022년 12월 14일 22시,수요일,부산광역시 사상구 주례동,경상사고,0,0,1,0,차대사람 - 횡단중,안전운전불이행,건조,맑음,교차로 - 교차로부근,화물,남,60세,기타불명,보행자,여,46세,경상
횡단보도외횡단중사고,2022121500100006,2022년 12월 15일 00시,목요일,부산광역시 동래구 온천동,중상사고,0,1,0,0,차대사람 - 횡단중,신호위반,건조,맑음,교차로 - 교차로안,이륜,남,55세,상해없음,보행자,남,63세,중상
횡단보도외횡단중사고,2022121500100572,2022년 12월 15일 23시,목요일,부산광역시 연제구 연산동,중상사고,0,1,0,0,차대사람 - 기타,안전운전불이행,건조,맑음,단일로 - 기타,화물,남,40세,상해없음,보행자,남,36세,중상
횡단보도외횡단중사고,2022121600100425,2022년 12월 16일 18시,금요일,부산광역시 남구 대연동,중상사고,0,1,0,0,차대사람 - 기타,안전운전불이행,건조,맑음,교차로 - 교차로안,승용,남,30세,상해없음,보행자,여,64세,중상
횡단보도외횡단중사고,2022121600100501,2022년 12월 16일 20시,금요일,부산광역시 남구 대연동,부상신고사고,0,0,0,1,차대사람 - 횡단중,보행자보호의무위반,건조,맑음,교차로 - 교차로안,승용,남,52세,상해없음,보행자,남,24세,부상신고
횡단보도외횡단중사고,2022121600100525,2022년 12월 16일 21시,금요일,부산광역시 남구 대연동,중상사고,0,1,0,0,차대사람 - 기타,안전운전불이행,건조,맑음,교차로 - 교차로안,개인형이동수단(PM),남,17세,상해없음,보행자,남,31세,중상
횡단보도외횡단중사고,2022121700100549,2022년 12월 17일 23시,토요일,부산광역시 연제구 연산동,경상사고,0,0,1,0,차대사람 - 기타,교차로운행방법위반,건조,맑음,교차로 - 교차로부근,승용,남,50세,상해없음,보행자,남,45세,경상
횡단보도외횡단중사고,2022121800100119,2022년 12월 18일 11시,일요일,부산광역시 연제구 연산동,경상사고,0,0,1,0,차대사람 - 횡단중,안전운전불이행,건조,맑음,교차로 - 교차로부근,화물,남,68세,상해없음,보행자,남,75세,경상
횡단보도외횡단중사고,2022121900100164,2022년 12월 19일 10시,월요일,부산광역시 동래구 온천동,중상사고,0,1,0,0,차대사람 - 횡단중,안전운전불이행,건조,맑음,단일로 - 기타,승용,여,45세,상해없음,보행자,여,24세,중상
횡단보도외횡단중사고,2022121900100188,2022년 12월 19일 11시,월요일,부산광역시 중구 남포동6가,부상신고사고,0,0,0,1,차대사람 - 횡단중,안전운전불이행,건조,맑음,교차로 - 교차로안,승용,남,74세,상해없음,보행자,남,67세,부상신고
횡단보도외횡단중사고,2022122100100004,2022년 12월 21일 00시,수요일,부산광역시 부산진구 부전동,경상사고,0,0,1,0,차대사람 - 기타,안전운전불이행,건조,맑음,단일로 - 기타,승용,남,22세,상해없음,보행자,여,72세,경상
횡단보도외횡단중사고,2022122100100165,2022년 12월 21일 09시,수요일,부산광역시 금정구 서동,중상사고,0,1,0,0,차대사람 - 횡단중,보행자보호의무위반,건조,맑음,교차로 - 교차로안,승용,남,67세,상해없음,보행자,남,53세,중상
횡단보도외횡단중사고,2022122100100317,2022년 12월 21일 16시,수요일,부산광역시 남구 대연동,부상신고사고,0,0,0,1,차대사람 - 횡단중,안전운전불이행,건조,맑음,교차로 - 교차로안,승용,남,57세,상해없음,보행자,여,42세,부상신고
횡단보도외횡단중사고,2022122200100039,2022년 12월 22일 05시,목요일,부산광역시 사상구 학장동,경상사고,0,0,1,0,차대사람 - 횡단중,신호위반,건조,맑음,단일로 - 기타,승용,남,77세,상해없음,보행자,여,70세,경상
횡단보도외횡단중사고,2022122300100208,2022년 12월 23일 13시,금요일,부산광역시 수영구 남천동,중상사고,0,1,0,0,차대사람 - 보도통행중,중앙선침범,건조,맑음,단일로 - 기타,승용,남,80세,상해없음,보행자,여,89세,중상
횡단보도외횡단중사고,2.02212E+15,2022년 12월 23일 14시,금요일,부산광역시 동래구 복천동,중상사고,0,1,0,0,차대사람 - 기타,신호위반,건조,맑음,단일로 - 기타,자전거,남,20세,상해없음,보행자,여,25세,중상
횡단보도외횡단중사고,2022122400100089,2022년 12월 24일 09시,토요일,부산광역시 영도구 봉래동3가,중상사고,0,1,0,0,차대사람 - 기타,안전운전불이행,건조,맑음,단일로 - 기타,승용,남,37세,기타불명,보행자,남,68세,중상
횡단보도외횡단중사고,2022122500100103,2022년 12월 25일 11시,일요일,부산광역시 연제구 거제동,중상사고,0,1,0,0,차대사람 - 횡단중,안전운전불이행,건조,맑음,단일로 - 기타,승용,남,82세,상해없음,보행자,여,72세,중상
횡단보도외횡단중사고,2022122500100246,2022년 12월 25일 17시,일요일,부산광역시 금정구 남산동,경상사고,0,0,1,0,차대사람 - 길가장자리구역통행중,안전운전불이행,건조,맑음,교차로 - 교차로안,승용,남,28세,상해없음,보행자,여,63세,경상
횡단보도외횡단중사고,2.02212E+15,2022년 12월 27일 15시,화요일,부산광역시 동래구 낙민동,사망사고,1,0,0,0,차대사람 - 횡단중,안전운전불이행,건조,맑음,교차로 - 교차로안,승합,남,59세,상해없음,보행자,여,84세,사망
횡단보도외횡단중사고,2022122800100426,2022년 12월 28일 18시,수요일,부산광역시 해운대구 중동,경상사고,0,0,1,0,차대사람 - 기타,안전운전불이행,건조,맑음,기타 - 기타,승용,여,41세,상해없음,보행자,남,32세,경상
횡단보도외횡단중사고,2022122900100303,2022년 12월 29일 15시,목요일,부산광역시 동래구 명장동,경상사고,0,0,1,0,차대사람 - 횡단중,안전운전불이행,건조,맑음,교차로 - 교차로부근,승용,여,43세,상해없음,보행자,남,85세,경상
횡단보도외횡단중사고,2022122900100493,2022년 12월 29일 19시,목요일,부산광역시 사하구 다대동,경상사고,0,0,1,0,차대사람 - 횡단중,안전운전불이행,건조,맑음,단일로 - 지하차도(도로)내,승용,남,60세,상해없음,보행자,남,58세,경상
횡단보도외횡단중사고,2022123000100199,2022년 12월 30일 12시,금요일,부산광역시 수영구 망미동,중상사고,0,1,0,0,차대사람 - 차도통행중,안전운전불이행,건조,맑음,교차로 - 교차로안,승용,남,58세,상해없음,보행자,여,73세,중상